id,articleType,filepath
25921,Tshirts,data/subset\Tshirts\25921.jpg
4319,Tshirts,data/subset\Tshirts\4319.jpg
40267,Tshirts,data/subset\Tshirts\40267.jpg
35880,Tshirts,data/subset\Tshirts\35880.jpg
8275,Tshirts,data/subset\Tshirts\8275.jpg
17613,Tshirts,data/subset\Tshirts\17613.jpg
4391,Tshirts,data/subset\Tshirts\4391.jpg
11406,Tshirts,data/subset\Tshirts\11406.jpg
3110,Tshirts,data/subset\Tshirts\3110.jpg
39003,Tshirts,data/subset\Tshirts\39003.jpg
17513,Tshirts,data/subset\Tshirts\17513.jpg
18931,Tshirts,data/subset\Tshirts\18931.jpg
16320,Tshirts,data/subset\Tshirts\16320.jpg
5884,Tshirts,data/subset\Tshirts\5884.jpg
44904,Tshirts,data/subset\Tshirts\44904.jpg
3285,Tshirts,data/subset\Tshirts\3285.jpg
22611,Tshirts,data/subset\Tshirts\22611.jpg
29247,Tshirts,data/subset\Tshirts\29247.jpg
10499,Tshirts,data/subset\Tshirts\10499.jpg
3779,Tshirts,data/subset\Tshirts\3779.jpg
19400,Tshirts,data/subset\Tshirts\19400.jpg
7012,Tshirts,data/subset\Tshirts\7012.jpg
2243,Tshirts,data/subset\Tshirts\2243.jpg
9974,Tshirts,data/subset\Tshirts\9974.jpg
7954,Tshirts,data/subset\Tshirts\7954.jpg
38605,Tshirts,data/subset\Tshirts\38605.jpg
31586,Tshirts,data/subset\Tshirts\31586.jpg
13966,Tshirts,data/subset\Tshirts\13966.jpg
51370,Tshirts,data/subset\Tshirts\51370.jpg
11008,Tshirts,data/subset\Tshirts\11008.jpg
3778,Tshirts,data/subset\Tshirts\3778.jpg
2615,Tshirts,data/subset\Tshirts\2615.jpg
24269,Tshirts,data/subset\Tshirts\24269.jpg
4864,Tshirts,data/subset\Tshirts\4864.jpg
33304,Tshirts,data/subset\Tshirts\33304.jpg
17497,Tshirts,data/subset\Tshirts\17497.jpg
4082,Tshirts,data/subset\Tshirts\4082.jpg
37272,Tshirts,data/subset\Tshirts\37272.jpg
23179,Tshirts,data/subset\Tshirts\23179.jpg
4042,Tshirts,data/subset\Tshirts\4042.jpg
8290,Tshirts,data/subset\Tshirts\8290.jpg
26261,Tshirts,data/subset\Tshirts\26261.jpg
10374,Tshirts,data/subset\Tshirts\10374.jpg
5097,Tshirts,data/subset\Tshirts\5097.jpg
22796,Tshirts,data/subset\Tshirts\22796.jpg
8340,Tshirts,data/subset\Tshirts\8340.jpg
19999,Tshirts,data/subset\Tshirts\19999.jpg
7291,Tshirts,data/subset\Tshirts\7291.jpg
33310,Tshirts,data/subset\Tshirts\33310.jpg
4371,Tshirts,data/subset\Tshirts\4371.jpg
19612,Tshirts,data/subset\Tshirts\19612.jpg
43498,Tshirts,data/subset\Tshirts\43498.jpg
38595,Tshirts,data/subset\Tshirts\38595.jpg
14101,Tshirts,data/subset\Tshirts\14101.jpg
2062,Tshirts,data/subset\Tshirts\2062.jpg
29157,Tshirts,data/subset\Tshirts\29157.jpg
6996,Tshirts,data/subset\Tshirts\6996.jpg
7837,Tshirts,data/subset\Tshirts\7837.jpg
3792,Tshirts,data/subset\Tshirts\3792.jpg
37984,Tshirts,data/subset\Tshirts\37984.jpg
15475,Tshirts,data/subset\Tshirts\15475.jpg
5153,Tshirts,data/subset\Tshirts\5153.jpg
46385,Tshirts,data/subset\Tshirts\46385.jpg
14729,Tshirts,data/subset\Tshirts\14729.jpg
2265,Tshirts,data/subset\Tshirts\2265.jpg
7004,Tshirts,data/subset\Tshirts\7004.jpg
44883,Tshirts,data/subset\Tshirts\44883.jpg
36312,Tshirts,data/subset\Tshirts\36312.jpg
2974,Tshirts,data/subset\Tshirts\2974.jpg
43503,Tshirts,data/subset\Tshirts\43503.jpg
4359,Tshirts,data/subset\Tshirts\4359.jpg
9778,Tshirts,data/subset\Tshirts\9778.jpg
16191,Tshirts,data/subset\Tshirts\16191.jpg
13429,Tshirts,data/subset\Tshirts\13429.jpg
2343,Tshirts,data/subset\Tshirts\2343.jpg
34314,Tshirts,data/subset\Tshirts\34314.jpg
7749,Tshirts,data/subset\Tshirts\7749.jpg
12847,Tshirts,data/subset\Tshirts\12847.jpg
2484,Tshirts,data/subset\Tshirts\2484.jpg
2307,Tshirts,data/subset\Tshirts\2307.jpg
4361,Tshirts,data/subset\Tshirts\4361.jpg
44834,Tshirts,data/subset\Tshirts\44834.jpg
38586,Tshirts,data/subset\Tshirts\38586.jpg
26263,Tshirts,data/subset\Tshirts\26263.jpg
51473,Tshirts,data/subset\Tshirts\51473.jpg
41752,Tshirts,data/subset\Tshirts\41752.jpg
11024,Tshirts,data/subset\Tshirts\11024.jpg
2680,Tshirts,data/subset\Tshirts\2680.jpg
10690,Tshirts,data/subset\Tshirts\10690.jpg
28928,Tshirts,data/subset\Tshirts\28928.jpg
37532,Tshirts,data/subset\Tshirts\37532.jpg
7988,Tshirts,data/subset\Tshirts\7988.jpg
6207,Tshirts,data/subset\Tshirts\6207.jpg
10465,Tshirts,data/subset\Tshirts\10465.jpg
9783,Tshirts,data/subset\Tshirts\9783.jpg
15200,Tshirts,data/subset\Tshirts\15200.jpg
2091,Tshirts,data/subset\Tshirts\2091.jpg
27444,Tshirts,data/subset\Tshirts\27444.jpg
4190,Tshirts,data/subset\Tshirts\4190.jpg
11778,Tshirts,data/subset\Tshirts\11778.jpg
23627,Tshirts,data/subset\Tshirts\23627.jpg
40153,Tshirts,data/subset\Tshirts\40153.jpg
38637,Tshirts,data/subset\Tshirts\38637.jpg
26471,Tshirts,data/subset\Tshirts\26471.jpg
38152,Tshirts,data/subset\Tshirts\38152.jpg
28565,Tshirts,data/subset\Tshirts\28565.jpg
3713,Tshirts,data/subset\Tshirts\3713.jpg
7801,Tshirts,data/subset\Tshirts\7801.jpg
27445,Tshirts,data/subset\Tshirts\27445.jpg
19110,Tshirts,data/subset\Tshirts\19110.jpg
2743,Tshirts,data/subset\Tshirts\2743.jpg
22367,Tshirts,data/subset\Tshirts\22367.jpg
2683,Tshirts,data/subset\Tshirts\2683.jpg
2984,Tshirts,data/subset\Tshirts\2984.jpg
5506,Tshirts,data/subset\Tshirts\5506.jpg
24050,Tshirts,data/subset\Tshirts\24050.jpg
4256,Tshirts,data/subset\Tshirts\4256.jpg
6063,Tshirts,data/subset\Tshirts\6063.jpg
6551,Tshirts,data/subset\Tshirts\6551.jpg
3991,Tshirts,data/subset\Tshirts\3991.jpg
7847,Tshirts,data/subset\Tshirts\7847.jpg
38803,Tshirts,data/subset\Tshirts\38803.jpg
2154,Tshirts,data/subset\Tshirts\2154.jpg
24911,Tshirts,data/subset\Tshirts\24911.jpg
40057,Tshirts,data/subset\Tshirts\40057.jpg
10840,Tshirts,data/subset\Tshirts\10840.jpg
4203,Tshirts,data/subset\Tshirts\4203.jpg
4780,Tshirts,data/subset\Tshirts\4780.jpg
7817,Tshirts,data/subset\Tshirts\7817.jpg
11356,Tshirts,data/subset\Tshirts\11356.jpg
33206,Tshirts,data/subset\Tshirts\33206.jpg
31236,Tshirts,data/subset\Tshirts\31236.jpg
6272,Tshirts,data/subset\Tshirts\6272.jpg
11997,Tshirts,data/subset\Tshirts\11997.jpg
9556,Tshirts,data/subset\Tshirts\9556.jpg
2847,Tshirts,data/subset\Tshirts\2847.jpg
3519,Tshirts,data/subset\Tshirts\3519.jpg
58372,Tshirts,data/subset\Tshirts\58372.jpg
3364,Tshirts,data/subset\Tshirts\3364.jpg
4209,Tshirts,data/subset\Tshirts\4209.jpg
5886,Tshirts,data/subset\Tshirts\5886.jpg
22631,Tshirts,data/subset\Tshirts\22631.jpg
38645,Tshirts,data/subset\Tshirts\38645.jpg
2054,Tshirts,data/subset\Tshirts\2054.jpg
19789,Tshirts,data/subset\Tshirts\19789.jpg
30144,Tshirts,data/subset\Tshirts\30144.jpg
12629,Tshirts,data/subset\Tshirts\12629.jpg
7784,Tshirts,data/subset\Tshirts\7784.jpg
24841,Tshirts,data/subset\Tshirts\24841.jpg
9984,Tshirts,data/subset\Tshirts\9984.jpg
5442,Tshirts,data/subset\Tshirts\5442.jpg
57424,Tshirts,data/subset\Tshirts\57424.jpg
53774,Tshirts,data/subset\Tshirts\53774.jpg
24275,Tshirts,data/subset\Tshirts\24275.jpg
8207,Tshirts,data/subset\Tshirts\8207.jpg
30302,Tshirts,data/subset\Tshirts\30302.jpg
10993,Tshirts,data/subset\Tshirts\10993.jpg
3044,Tshirts,data/subset\Tshirts\3044.jpg
43085,Tshirts,data/subset\Tshirts\43085.jpg
3060,Tshirts,data/subset\Tshirts\3060.jpg
3082,Tshirts,data/subset\Tshirts\3082.jpg
2047,Tshirts,data/subset\Tshirts\2047.jpg
2861,Tshirts,data/subset\Tshirts\2861.jpg
26246,Tshirts,data/subset\Tshirts\26246.jpg
6572,Tshirts,data/subset\Tshirts\6572.jpg
29352,Tshirts,data/subset\Tshirts\29352.jpg
34410,Tshirts,data/subset\Tshirts\34410.jpg
32464,Tshirts,data/subset\Tshirts\32464.jpg
31273,Tshirts,data/subset\Tshirts\31273.jpg
50194,Tshirts,data/subset\Tshirts\50194.jpg
3863,Tshirts,data/subset\Tshirts\3863.jpg
33935,Tshirts,data/subset\Tshirts\33935.jpg
3120,Tshirts,data/subset\Tshirts\3120.jpg
4313,Tshirts,data/subset\Tshirts\4313.jpg
1814,Tshirts,data/subset\Tshirts\1814.jpg
26497,Tshirts,data/subset\Tshirts\26497.jpg
42394,Tshirts,data/subset\Tshirts\42394.jpg
34403,Tshirts,data/subset\Tshirts\34403.jpg
24029,Tshirts,data/subset\Tshirts\24029.jpg
31102,Tshirts,data/subset\Tshirts\31102.jpg
3520,Tshirts,data/subset\Tshirts\3520.jpg
9961,Tshirts,data/subset\Tshirts\9961.jpg
5100,Tshirts,data/subset\Tshirts\5100.jpg
36001,Tshirts,data/subset\Tshirts\36001.jpg
19581,Tshirts,data/subset\Tshirts\19581.jpg
25504,Tshirts,data/subset\Tshirts\25504.jpg
33955,Tshirts,data/subset\Tshirts\33955.jpg
3945,Tshirts,data/subset\Tshirts\3945.jpg
38494,Tshirts,data/subset\Tshirts\38494.jpg
6724,Tshirts,data/subset\Tshirts\6724.jpg
22330,Tshirts,data/subset\Tshirts\22330.jpg
15933,Tshirts,data/subset\Tshirts\15933.jpg
24042,Tshirts,data/subset\Tshirts\24042.jpg
17257,Tshirts,data/subset\Tshirts\17257.jpg
53118,Tshirts,data/subset\Tshirts\53118.jpg
52148,Tshirts,data/subset\Tshirts\52148.jpg
31148,Tshirts,data/subset\Tshirts\31148.jpg
40138,Tshirts,data/subset\Tshirts\40138.jpg
2340,Tshirts,data/subset\Tshirts\2340.jpg
54940,Tshirts,data/subset\Tshirts\54940.jpg
7441,Tshirts,data/subset\Tshirts\7441.jpg
4402,Tshirts,data/subset\Tshirts\4402.jpg
13438,Tshirts,data/subset\Tshirts\13438.jpg
16913,Tshirts,data/subset\Tshirts\16913.jpg
2092,Tshirts,data/subset\Tshirts\2092.jpg
7127,Tshirts,data/subset\Tshirts\7127.jpg
10377,Tshirts,data/subset\Tshirts\10377.jpg
18631,Tshirts,data/subset\Tshirts\18631.jpg
3073,Tshirts,data/subset\Tshirts\3073.jpg
27392,Tshirts,data/subset\Tshirts\27392.jpg
32438,Tshirts,data/subset\Tshirts\32438.jpg
4843,Tshirts,data/subset\Tshirts\4843.jpg
9827,Tshirts,data/subset\Tshirts\9827.jpg
34399,Tshirts,data/subset\Tshirts\34399.jpg
32768,Tshirts,data/subset\Tshirts\32768.jpg
11363,Tshirts,data/subset\Tshirts\11363.jpg
28844,Tshirts,data/subset\Tshirts\28844.jpg
4315,Tshirts,data/subset\Tshirts\4315.jpg
39067,Tshirts,data/subset\Tshirts\39067.jpg
14922,Tshirts,data/subset\Tshirts\14922.jpg
18847,Tshirts,data/subset\Tshirts\18847.jpg
48257,Tshirts,data/subset\Tshirts\48257.jpg
10822,Tshirts,data/subset\Tshirts\10822.jpg
5827,Tshirts,data/subset\Tshirts\5827.jpg
23973,Tshirts,data/subset\Tshirts\23973.jpg
58734,Tshirts,data/subset\Tshirts\58734.jpg
15000,Tshirts,data/subset\Tshirts\15000.jpg
13967,Tshirts,data/subset\Tshirts\13967.jpg
40974,Tshirts,data/subset\Tshirts\40974.jpg
34100,Tshirts,data/subset\Tshirts\34100.jpg
4251,Tshirts,data/subset\Tshirts\4251.jpg
36737,Tshirts,data/subset\Tshirts\36737.jpg
7006,Tshirts,data/subset\Tshirts\7006.jpg
3769,Tshirts,data/subset\Tshirts\3769.jpg
7450,Tshirts,data/subset\Tshirts\7450.jpg
26479,Tshirts,data/subset\Tshirts\26479.jpg
3706,Tshirts,data/subset\Tshirts\3706.jpg
23638,Tshirts,data/subset\Tshirts\23638.jpg
2041,Tshirts,data/subset\Tshirts\2041.jpg
4208,Tshirts,data/subset\Tshirts\4208.jpg
3845,Tshirts,data/subset\Tshirts\3845.jpg
12634,Tshirts,data/subset\Tshirts\12634.jpg
12884,Tshirts,data/subset\Tshirts\12884.jpg
3529,Tshirts,data/subset\Tshirts\3529.jpg
19397,Tshirts,data/subset\Tshirts\19397.jpg
14727,Tshirts,data/subset\Tshirts\14727.jpg
37155,Tshirts,data/subset\Tshirts\37155.jpg
1762,Tshirts,data/subset\Tshirts\1762.jpg
7447,Tshirts,data/subset\Tshirts\7447.jpg
29019,Tshirts,data/subset\Tshirts\29019.jpg
12471,Shirts,data/subset\Shirts\12471.jpg
8851,Shirts,data/subset\Shirts\8851.jpg
23207,Shirts,data/subset\Shirts\23207.jpg
41586,Shirts,data/subset\Shirts\41586.jpg
17546,Shirts,data/subset\Shirts\17546.jpg
27148,Shirts,data/subset\Shirts\27148.jpg
4972,Shirts,data/subset\Shirts\4972.jpg
9594,Shirts,data/subset\Shirts\9594.jpg
59834,Shirts,data/subset\Shirts\59834.jpg
7168,Shirts,data/subset\Shirts\7168.jpg
29278,Shirts,data/subset\Shirts\29278.jpg
7145,Shirts,data/subset\Shirts\7145.jpg
57285,Shirts,data/subset\Shirts\57285.jpg
9478,Shirts,data/subset\Shirts\9478.jpg
18305,Shirts,data/subset\Shirts\18305.jpg
12023,Shirts,data/subset\Shirts\12023.jpg
9658,Shirts,data/subset\Shirts\9658.jpg
26401,Shirts,data/subset\Shirts\26401.jpg
9064,Shirts,data/subset\Shirts\9064.jpg
11387,Shirts,data/subset\Shirts\11387.jpg
13217,Shirts,data/subset\Shirts\13217.jpg
12367,Shirts,data/subset\Shirts\12367.jpg
9260,Shirts,data/subset\Shirts\9260.jpg
6611,Shirts,data/subset\Shirts\6611.jpg
12952,Shirts,data/subset\Shirts\12952.jpg
58809,Shirts,data/subset\Shirts\58809.jpg
37794,Shirts,data/subset\Shirts\37794.jpg
8148,Shirts,data/subset\Shirts\8148.jpg
24858,Shirts,data/subset\Shirts\24858.jpg
37143,Shirts,data/subset\Shirts\37143.jpg
11632,Shirts,data/subset\Shirts\11632.jpg
19831,Shirts,data/subset\Shirts\19831.jpg
10813,Shirts,data/subset\Shirts\10813.jpg
37736,Shirts,data/subset\Shirts\37736.jpg
24285,Shirts,data/subset\Shirts\24285.jpg
8788,Shirts,data/subset\Shirts\8788.jpg
13853,Shirts,data/subset\Shirts\13853.jpg
59305,Shirts,data/subset\Shirts\59305.jpg
9881,Shirts,data/subset\Shirts\9881.jpg
33553,Shirts,data/subset\Shirts\33553.jpg
18974,Shirts,data/subset\Shirts\18974.jpg
10814,Shirts,data/subset\Shirts\10814.jpg
20024,Shirts,data/subset\Shirts\20024.jpg
23037,Shirts,data/subset\Shirts\23037.jpg
9256,Shirts,data/subset\Shirts\9256.jpg
5107,Shirts,data/subset\Shirts\5107.jpg
12180,Shirts,data/subset\Shirts\12180.jpg
53211,Shirts,data/subset\Shirts\53211.jpg
26114,Shirts,data/subset\Shirts\26114.jpg
26113,Shirts,data/subset\Shirts\26113.jpg
13487,Shirts,data/subset\Shirts\13487.jpg
37723,Shirts,data/subset\Shirts\37723.jpg
23666,Shirts,data/subset\Shirts\23666.jpg
31640,Shirts,data/subset\Shirts\31640.jpg
41661,Shirts,data/subset\Shirts\41661.jpg
9469,Shirts,data/subset\Shirts\9469.jpg
19702,Shirts,data/subset\Shirts\19702.jpg
30794,Shirts,data/subset\Shirts\30794.jpg
14526,Shirts,data/subset\Shirts\14526.jpg
33241,Shirts,data/subset\Shirts\33241.jpg
10480,Shirts,data/subset\Shirts\10480.jpg
27866,Shirts,data/subset\Shirts\27866.jpg
22800,Shirts,data/subset\Shirts\22800.jpg
27892,Shirts,data/subset\Shirts\27892.jpg
48361,Shirts,data/subset\Shirts\48361.jpg
38823,Shirts,data/subset\Shirts\38823.jpg
18760,Shirts,data/subset\Shirts\18760.jpg
9639,Shirts,data/subset\Shirts\9639.jpg
9454,Shirts,data/subset\Shirts\9454.jpg
26112,Shirts,data/subset\Shirts\26112.jpg
10794,Shirts,data/subset\Shirts\10794.jpg
2050,Shirts,data/subset\Shirts\2050.jpg
16045,Shirts,data/subset\Shirts\16045.jpg
59301,Shirts,data/subset\Shirts\59301.jpg
17750,Shirts,data/subset\Shirts\17750.jpg
15693,Shirts,data/subset\Shirts\15693.jpg
11708,Shirts,data/subset\Shirts\11708.jpg
27566,Shirts,data/subset\Shirts\27566.jpg
27871,Shirts,data/subset\Shirts\27871.jpg
26367,Shirts,data/subset\Shirts\26367.jpg
33246,Shirts,data/subset\Shirts\33246.jpg
6772,Shirts,data/subset\Shirts\6772.jpg
27534,Shirts,data/subset\Shirts\27534.jpg
29669,Shirts,data/subset\Shirts\29669.jpg
15090,Shirts,data/subset\Shirts\15090.jpg
24524,Shirts,data/subset\Shirts\24524.jpg
19703,Shirts,data/subset\Shirts\19703.jpg
13752,Shirts,data/subset\Shirts\13752.jpg
16042,Shirts,data/subset\Shirts\16042.jpg
4974,Shirts,data/subset\Shirts\4974.jpg
9498,Shirts,data/subset\Shirts\9498.jpg
9655,Shirts,data/subset\Shirts\9655.jpg
32393,Shirts,data/subset\Shirts\32393.jpg
41660,Shirts,data/subset\Shirts\41660.jpg
29280,Shirts,data/subset\Shirts\29280.jpg
26088,Shirts,data/subset\Shirts\26088.jpg
9667,Shirts,data/subset\Shirts\9667.jpg
27542,Shirts,data/subset\Shirts\27542.jpg
27558,Shirts,data/subset\Shirts\27558.jpg
26063,Shirts,data/subset\Shirts\26063.jpg
16541,Shirts,data/subset\Shirts\16541.jpg
51426,Shirts,data/subset\Shirts\51426.jpg
11697,Shirts,data/subset\Shirts\11697.jpg
13661,Shirts,data/subset\Shirts\13661.jpg
27153,Shirts,data/subset\Shirts\27153.jpg
29291,Shirts,data/subset\Shirts\29291.jpg
9236,Shirts,data/subset\Shirts\9236.jpg
22395,Shirts,data/subset\Shirts\22395.jpg
23196,Shirts,data/subset\Shirts\23196.jpg
13940,Shirts,data/subset\Shirts\13940.jpg
17725,Shirts,data/subset\Shirts\17725.jpg
32762,Shirts,data/subset\Shirts\32762.jpg
51403,Shirts,data/subset\Shirts\51403.jpg
7143,Shirts,data/subset\Shirts\7143.jpg
13743,Shirts,data/subset\Shirts\13743.jpg
8859,Shirts,data/subset\Shirts\8859.jpg
8181,Shirts,data/subset\Shirts\8181.jpg
22576,Shirts,data/subset\Shirts\22576.jpg
43304,Shirts,data/subset\Shirts\43304.jpg
57110,Shirts,data/subset\Shirts\57110.jpg
51401,Shirts,data/subset\Shirts\51401.jpg
8586,Shirts,data/subset\Shirts\8586.jpg
26411,Shirts,data/subset\Shirts\26411.jpg
26390,Shirts,data/subset\Shirts\26390.jpg
40129,Shirts,data/subset\Shirts\40129.jpg
56770,Shirts,data/subset\Shirts\56770.jpg
51488,Shirts,data/subset\Shirts\51488.jpg
14785,Shirts,data/subset\Shirts\14785.jpg
9071,Shirts,data/subset\Shirts\9071.jpg
22354,Shirts,data/subset\Shirts\22354.jpg
27862,Shirts,data/subset\Shirts\27862.jpg
16032,Shirts,data/subset\Shirts\16032.jpg
29184,Shirts,data/subset\Shirts\29184.jpg
58395,Shirts,data/subset\Shirts\58395.jpg
26797,Shirts,data/subset\Shirts\26797.jpg
20155,Shirts,data/subset\Shirts\20155.jpg
26065,Shirts,data/subset\Shirts\26065.jpg
13734,Shirts,data/subset\Shirts\13734.jpg
30228,Shirts,data/subset\Shirts\30228.jpg
9246,Shirts,data/subset\Shirts\9246.jpg
8791,Shirts,data/subset\Shirts\8791.jpg
58765,Shirts,data/subset\Shirts\58765.jpg
27874,Shirts,data/subset\Shirts\27874.jpg
9455,Shirts,data/subset\Shirts\9455.jpg
19204,Shirts,data/subset\Shirts\19204.jpg
57296,Shirts,data/subset\Shirts\57296.jpg
9424,Shirts,data/subset\Shirts\9424.jpg
18317,Shirts,data/subset\Shirts\18317.jpg
27856,Shirts,data/subset\Shirts\27856.jpg
29279,Shirts,data/subset\Shirts\29279.jpg
5987,Shirts,data/subset\Shirts\5987.jpg
7167,Shirts,data/subset\Shirts\7167.jpg
8871,Shirts,data/subset\Shirts\8871.jpg
8190,Shirts,data/subset\Shirts\8190.jpg
27887,Shirts,data/subset\Shirts\27887.jpg
51400,Shirts,data/subset\Shirts\51400.jpg
31093,Shirts,data/subset\Shirts\31093.jpg
31649,Shirts,data/subset\Shirts\31649.jpg
33239,Shirts,data/subset\Shirts\33239.jpg
26800,Shirts,data/subset\Shirts\26800.jpg
26056,Shirts,data/subset\Shirts\26056.jpg
39780,Shirts,data/subset\Shirts\39780.jpg
22356,Shirts,data/subset\Shirts\22356.jpg
29277,Shirts,data/subset\Shirts\29277.jpg
46353,Shirts,data/subset\Shirts\46353.jpg
26087,Shirts,data/subset\Shirts\26087.jpg
12025,Shirts,data/subset\Shirts\12025.jpg
15968,Shirts,data/subset\Shirts\15968.jpg
13320,Shirts,data/subset\Shirts\13320.jpg
5960,Shirts,data/subset\Shirts\5960.jpg
9072,Shirts,data/subset\Shirts\9072.jpg
12017,Shirts,data/subset\Shirts\12017.jpg
10807,Shirts,data/subset\Shirts\10807.jpg
14716,Shirts,data/subset\Shirts\14716.jpg
13051,Shirts,data/subset\Shirts\13051.jpg
5147,Shirts,data/subset\Shirts\5147.jpg
11079,Shirts,data/subset\Shirts\11079.jpg
8472,Shirts,data/subset\Shirts\8472.jpg
15967,Shirts,data/subset\Shirts\15967.jpg
12271,Shirts,data/subset\Shirts\12271.jpg
19181,Shirts,data/subset\Shirts\19181.jpg
9624,Shirts,data/subset\Shirts\9624.jpg
13459,Shirts,data/subset\Shirts\13459.jpg
11676,Shirts,data/subset\Shirts\11676.jpg
9659,Shirts,data/subset\Shirts\9659.jpg
8728,Shirts,data/subset\Shirts\8728.jpg
32395,Shirts,data/subset\Shirts\32395.jpg
36590,Shirts,data/subset\Shirts\36590.jpg
51423,Shirts,data/subset\Shirts\51423.jpg
46396,Shirts,data/subset\Shirts\46396.jpg
5128,Shirts,data/subset\Shirts\5128.jpg
17719,Shirts,data/subset\Shirts\17719.jpg
13417,Shirts,data/subset\Shirts\13417.jpg
9590,Shirts,data/subset\Shirts\9590.jpg
9654,Shirts,data/subset\Shirts\9654.jpg
20164,Shirts,data/subset\Shirts\20164.jpg
12357,Shirts,data/subset\Shirts\12357.jpg
2125,Shirts,data/subset\Shirts\2125.jpg
8862,Shirts,data/subset\Shirts\8862.jpg
16924,Shirts,data/subset\Shirts\16924.jpg
9653,Shirts,data/subset\Shirts\9653.jpg
9662,Shirts,data/subset\Shirts\9662.jpg
59833,Shirts,data/subset\Shirts\59833.jpg
19692,Shirts,data/subset\Shirts\19692.jpg
51417,Shirts,data/subset\Shirts\51417.jpg
34028,Shirts,data/subset\Shirts\34028.jpg
17193,Shirts,data/subset\Shirts\17193.jpg
31091,Shirts,data/subset\Shirts\31091.jpg
6320,Shirts,data/subset\Shirts\6320.jpg
13283,Shirts,data/subset\Shirts\13283.jpg
6015,Shirts,data/subset\Shirts\6015.jpg
30806,Shirts,data/subset\Shirts\30806.jpg
14786,Shirts,data/subset\Shirts\14786.jpg
33249,Shirts,data/subset\Shirts\33249.jpg
26045,Shirts,data/subset\Shirts\26045.jpg
17169,Shirts,data/subset\Shirts\17169.jpg
14772,Shirts,data/subset\Shirts\14772.jpg
33492,Shirts,data/subset\Shirts\33492.jpg
31100,Shirts,data/subset\Shirts\31100.jpg
17168,Shirts,data/subset\Shirts\17168.jpg
47662,Shirts,data/subset\Shirts\47662.jpg
29639,Shirts,data/subset\Shirts\29639.jpg
34038,Shirts,data/subset\Shirts\34038.jpg
18749,Shirts,data/subset\Shirts\18749.jpg
33235,Shirts,data/subset\Shirts\33235.jpg
26958,Shirts,data/subset\Shirts\26958.jpg
25006,Shirts,data/subset\Shirts\25006.jpg
18889,Shirts,data/subset\Shirts\18889.jpg
12011,Shirts,data/subset\Shirts\12011.jpg
17571,Shirts,data/subset\Shirts\17571.jpg
12942,Shirts,data/subset\Shirts\12942.jpg
9634,Shirts,data/subset\Shirts\9634.jpg
37785,Shirts,data/subset\Shirts\37785.jpg
29696,Shirts,data/subset\Shirts\29696.jpg
14053,Shirts,data/subset\Shirts\14053.jpg
9262,Shirts,data/subset\Shirts\9262.jpg
16039,Shirts,data/subset\Shirts\16039.jpg
19201,Shirts,data/subset\Shirts\19201.jpg
37804,Shirts,data/subset\Shirts\37804.jpg
9621,Shirts,data/subset\Shirts\9621.jpg
13867,Shirts,data/subset\Shirts\13867.jpg
23180,Shirts,data/subset\Shirts\23180.jpg
15993,Shirts,data/subset\Shirts\15993.jpg
12731,Shirts,data/subset\Shirts\12731.jpg
41605,Shirts,data/subset\Shirts\41605.jpg
20131,Shirts,data/subset\Shirts\20131.jpg
51430,Shirts,data/subset\Shirts\51430.jpg
21118,Shirts,data/subset\Shirts\21118.jpg
12304,Shirts,data/subset\Shirts\12304.jpg
12245,Shirts,data/subset\Shirts\12245.jpg
22165,Casual Shoes,data/subset\Casual_Shoes\22165.jpg
26664,Casual Shoes,data/subset\Casual_Shoes\26664.jpg
24717,Casual Shoes,data/subset\Casual_Shoes\24717.jpg
37256,Casual Shoes,data/subset\Casual_Shoes\37256.jpg
3644,Casual Shoes,data/subset\Casual_Shoes\3644.jpg
15503,Casual Shoes,data/subset\Casual_Shoes\15503.jpg
22865,Casual Shoes,data/subset\Casual_Shoes\22865.jpg
22167,Casual Shoes,data/subset\Casual_Shoes\22167.jpg
36476,Casual Shoes,data/subset\Casual_Shoes\36476.jpg
46606,Casual Shoes,data/subset\Casual_Shoes\46606.jpg
24190,Casual Shoes,data/subset\Casual_Shoes\24190.jpg
44937,Casual Shoes,data/subset\Casual_Shoes\44937.jpg
33768,Casual Shoes,data/subset\Casual_Shoes\33768.jpg
14482,Casual Shoes,data/subset\Casual_Shoes\14482.jpg
38660,Casual Shoes,data/subset\Casual_Shoes\38660.jpg
12897,Casual Shoes,data/subset\Casual_Shoes\12897.jpg
33531,Casual Shoes,data/subset\Casual_Shoes\33531.jpg
46117,Casual Shoes,data/subset\Casual_Shoes\46117.jpg
7714,Casual Shoes,data/subset\Casual_Shoes\7714.jpg
21079,Casual Shoes,data/subset\Casual_Shoes\21079.jpg
23679,Casual Shoes,data/subset\Casual_Shoes\23679.jpg
43878,Casual Shoes,data/subset\Casual_Shoes\43878.jpg
3649,Casual Shoes,data/subset\Casual_Shoes\3649.jpg
13538,Casual Shoes,data/subset\Casual_Shoes\13538.jpg
10266,Casual Shoes,data/subset\Casual_Shoes\10266.jpg
35673,Casual Shoes,data/subset\Casual_Shoes\35673.jpg
8210,Casual Shoes,data/subset\Casual_Shoes\8210.jpg
35677,Casual Shoes,data/subset\Casual_Shoes\35677.jpg
20707,Casual Shoes,data/subset\Casual_Shoes\20707.jpg
10758,Casual Shoes,data/subset\Casual_Shoes\10758.jpg
39687,Casual Shoes,data/subset\Casual_Shoes\39687.jpg
15220,Casual Shoes,data/subset\Casual_Shoes\15220.jpg
22245,Casual Shoes,data/subset\Casual_Shoes\22245.jpg
1546,Casual Shoes,data/subset\Casual_Shoes\1546.jpg
24302,Casual Shoes,data/subset\Casual_Shoes\24302.jpg
42275,Casual Shoes,data/subset\Casual_Shoes\42275.jpg
44503,Casual Shoes,data/subset\Casual_Shoes\44503.jpg
4068,Casual Shoes,data/subset\Casual_Shoes\4068.jpg
43874,Casual Shoes,data/subset\Casual_Shoes\43874.jpg
56655,Casual Shoes,data/subset\Casual_Shoes\56655.jpg
46841,Casual Shoes,data/subset\Casual_Shoes\46841.jpg
19365,Casual Shoes,data/subset\Casual_Shoes\19365.jpg
24690,Casual Shoes,data/subset\Casual_Shoes\24690.jpg
21741,Casual Shoes,data/subset\Casual_Shoes\21741.jpg
55783,Casual Shoes,data/subset\Casual_Shoes\55783.jpg
9130,Casual Shoes,data/subset\Casual_Shoes\9130.jpg
7365,Casual Shoes,data/subset\Casual_Shoes\7365.jpg
35386,Casual Shoes,data/subset\Casual_Shoes\35386.jpg
17669,Casual Shoes,data/subset\Casual_Shoes\17669.jpg
50753,Casual Shoes,data/subset\Casual_Shoes\50753.jpg
22164,Casual Shoes,data/subset\Casual_Shoes\22164.jpg
22189,Casual Shoes,data/subset\Casual_Shoes\22189.jpg
8909,Casual Shoes,data/subset\Casual_Shoes\8909.jpg
14481,Casual Shoes,data/subset\Casual_Shoes\14481.jpg
34750,Casual Shoes,data/subset\Casual_Shoes\34750.jpg
21569,Casual Shoes,data/subset\Casual_Shoes\21569.jpg
3640,Casual Shoes,data/subset\Casual_Shoes\3640.jpg
7710,Casual Shoes,data/subset\Casual_Shoes\7710.jpg
35818,Casual Shoes,data/subset\Casual_Shoes\35818.jpg
22177,Casual Shoes,data/subset\Casual_Shoes\22177.jpg
24482,Casual Shoes,data/subset\Casual_Shoes\24482.jpg
14560,Casual Shoes,data/subset\Casual_Shoes\14560.jpg
2495,Casual Shoes,data/subset\Casual_Shoes\2495.jpg
35681,Casual Shoes,data/subset\Casual_Shoes\35681.jpg
26646,Casual Shoes,data/subset\Casual_Shoes\26646.jpg
49484,Casual Shoes,data/subset\Casual_Shoes\49484.jpg
35671,Casual Shoes,data/subset\Casual_Shoes\35671.jpg
13382,Casual Shoes,data/subset\Casual_Shoes\13382.jpg
22833,Casual Shoes,data/subset\Casual_Shoes\22833.jpg
33846,Casual Shoes,data/subset\Casual_Shoes\33846.jpg
3489,Casual Shoes,data/subset\Casual_Shoes\3489.jpg
57520,Casual Shoes,data/subset\Casual_Shoes\57520.jpg
35392,Casual Shoes,data/subset\Casual_Shoes\35392.jpg
38535,Casual Shoes,data/subset\Casual_Shoes\38535.jpg
4132,Casual Shoes,data/subset\Casual_Shoes\4132.jpg
3658,Casual Shoes,data/subset\Casual_Shoes\3658.jpg
13066,Casual Shoes,data/subset\Casual_Shoes\13066.jpg
59941,Casual Shoes,data/subset\Casual_Shoes\59941.jpg
17959,Casual Shoes,data/subset\Casual_Shoes\17959.jpg
39593,Casual Shoes,data/subset\Casual_Shoes\39593.jpg
35465,Casual Shoes,data/subset\Casual_Shoes\35465.jpg
5429,Casual Shoes,data/subset\Casual_Shoes\5429.jpg
47246,Casual Shoes,data/subset\Casual_Shoes\47246.jpg
37243,Casual Shoes,data/subset\Casual_Shoes\37243.jpg
12430,Casual Shoes,data/subset\Casual_Shoes\12430.jpg
39629,Casual Shoes,data/subset\Casual_Shoes\39629.jpg
22867,Casual Shoes,data/subset\Casual_Shoes\22867.jpg
30233,Casual Shoes,data/subset\Casual_Shoes\30233.jpg
39984,Casual Shoes,data/subset\Casual_Shoes\39984.jpg
7379,Casual Shoes,data/subset\Casual_Shoes\7379.jpg
20716,Casual Shoes,data/subset\Casual_Shoes\20716.jpg
15512,Casual Shoes,data/subset\Casual_Shoes\15512.jpg
4019,Casual Shoes,data/subset\Casual_Shoes\4019.jpg
55785,Casual Shoes,data/subset\Casual_Shoes\55785.jpg
22819,Casual Shoes,data/subset\Casual_Shoes\22819.jpg
32727,Casual Shoes,data/subset\Casual_Shoes\32727.jpg
35660,Casual Shoes,data/subset\Casual_Shoes\35660.jpg
30239,Casual Shoes,data/subset\Casual_Shoes\30239.jpg
36952,Casual Shoes,data/subset\Casual_Shoes\36952.jpg
57467,Casual Shoes,data/subset\Casual_Shoes\57467.jpg
34747,Casual Shoes,data/subset\Casual_Shoes\34747.jpg
9213,Casual Shoes,data/subset\Casual_Shoes\9213.jpg
29572,Casual Shoes,data/subset\Casual_Shoes\29572.jpg
34748,Casual Shoes,data/subset\Casual_Shoes\34748.jpg
57524,Casual Shoes,data/subset\Casual_Shoes\57524.jpg
43379,Casual Shoes,data/subset\Casual_Shoes\43379.jpg
35696,Casual Shoes,data/subset\Casual_Shoes\35696.jpg
37241,Casual Shoes,data/subset\Casual_Shoes\37241.jpg
42274,Casual Shoes,data/subset\Casual_Shoes\42274.jpg
4343,Casual Shoes,data/subset\Casual_Shoes\4343.jpg
4133,Casual Shoes,data/subset\Casual_Shoes\4133.jpg
54742,Casual Shoes,data/subset\Casual_Shoes\54742.jpg
31945,Casual Shoes,data/subset\Casual_Shoes\31945.jpg
49420,Casual Shoes,data/subset\Casual_Shoes\49420.jpg
36465,Casual Shoes,data/subset\Casual_Shoes\36465.jpg
15259,Casual Shoes,data/subset\Casual_Shoes\15259.jpg
54739,Casual Shoes,data/subset\Casual_Shoes\54739.jpg
13077,Casual Shoes,data/subset\Casual_Shoes\13077.jpg
24254,Casual Shoes,data/subset\Casual_Shoes\24254.jpg
18537,Casual Shoes,data/subset\Casual_Shoes\18537.jpg
12867,Casual Shoes,data/subset\Casual_Shoes\12867.jpg
39968,Casual Shoes,data/subset\Casual_Shoes\39968.jpg
13191,Casual Shoes,data/subset\Casual_Shoes\13191.jpg
5898,Casual Shoes,data/subset\Casual_Shoes\5898.jpg
54066,Casual Shoes,data/subset\Casual_Shoes\54066.jpg
57480,Casual Shoes,data/subset\Casual_Shoes\57480.jpg
10627,Casual Shoes,data/subset\Casual_Shoes\10627.jpg
30259,Casual Shoes,data/subset\Casual_Shoes\30259.jpg
30258,Casual Shoes,data/subset\Casual_Shoes\30258.jpg
22246,Casual Shoes,data/subset\Casual_Shoes\22246.jpg
12423,Casual Shoes,data/subset\Casual_Shoes\12423.jpg
39946,Casual Shoes,data/subset\Casual_Shoes\39946.jpg
17033,Casual Shoes,data/subset\Casual_Shoes\17033.jpg
12518,Casual Shoes,data/subset\Casual_Shoes\12518.jpg
38524,Casual Shoes,data/subset\Casual_Shoes\38524.jpg
32952,Casual Shoes,data/subset\Casual_Shoes\32952.jpg
31942,Casual Shoes,data/subset\Casual_Shoes\31942.jpg
15502,Casual Shoes,data/subset\Casual_Shoes\15502.jpg
9387,Casual Shoes,data/subset\Casual_Shoes\9387.jpg
35670,Casual Shoes,data/subset\Casual_Shoes\35670.jpg
13080,Casual Shoes,data/subset\Casual_Shoes\13080.jpg
5320,Casual Shoes,data/subset\Casual_Shoes\5320.jpg
50279,Casual Shoes,data/subset\Casual_Shoes\50279.jpg
13360,Casual Shoes,data/subset\Casual_Shoes\13360.jpg
39970,Casual Shoes,data/subset\Casual_Shoes\39970.jpg
12870,Casual Shoes,data/subset\Casual_Shoes\12870.jpg
49375,Casual Shoes,data/subset\Casual_Shoes\49375.jpg
26561,Casual Shoes,data/subset\Casual_Shoes\26561.jpg
15513,Casual Shoes,data/subset\Casual_Shoes\15513.jpg
18474,Casual Shoes,data/subset\Casual_Shoes\18474.jpg
56660,Casual Shoes,data/subset\Casual_Shoes\56660.jpg
22237,Casual Shoes,data/subset\Casual_Shoes\22237.jpg
39664,Casual Shoes,data/subset\Casual_Shoes\39664.jpg
33689,Casual Shoes,data/subset\Casual_Shoes\33689.jpg
23935,Casual Shoes,data/subset\Casual_Shoes\23935.jpg
35848,Casual Shoes,data/subset\Casual_Shoes\35848.jpg
23855,Casual Shoes,data/subset\Casual_Shoes\23855.jpg
4134,Casual Shoes,data/subset\Casual_Shoes\4134.jpg
34862,Casual Shoes,data/subset\Casual_Shoes\34862.jpg
43236,Casual Shoes,data/subset\Casual_Shoes\43236.jpg
11951,Casual Shoes,data/subset\Casual_Shoes\11951.jpg
17768,Casual Shoes,data/subset\Casual_Shoes\17768.jpg
35531,Casual Shoes,data/subset\Casual_Shoes\35531.jpg
26629,Casual Shoes,data/subset\Casual_Shoes\26629.jpg
11819,Casual Shoes,data/subset\Casual_Shoes\11819.jpg
17704,Casual Shoes,data/subset\Casual_Shoes\17704.jpg
2540,Casual Shoes,data/subset\Casual_Shoes\2540.jpg
6431,Casual Shoes,data/subset\Casual_Shoes\6431.jpg
7040,Casual Shoes,data/subset\Casual_Shoes\7040.jpg
6497,Casual Shoes,data/subset\Casual_Shoes\6497.jpg
34751,Casual Shoes,data/subset\Casual_Shoes\34751.jpg
3695,Casual Shoes,data/subset\Casual_Shoes\3695.jpg
20700,Casual Shoes,data/subset\Casual_Shoes\20700.jpg
49497,Casual Shoes,data/subset\Casual_Shoes\49497.jpg
34088,Casual Shoes,data/subset\Casual_Shoes\34088.jpg
18478,Casual Shoes,data/subset\Casual_Shoes\18478.jpg
59944,Casual Shoes,data/subset\Casual_Shoes\59944.jpg
39625,Casual Shoes,data/subset\Casual_Shoes\39625.jpg
2388,Casual Shoes,data/subset\Casual_Shoes\2388.jpg
22251,Casual Shoes,data/subset\Casual_Shoes\22251.jpg
46884,Casual Shoes,data/subset\Casual_Shoes\46884.jpg
38544,Casual Shoes,data/subset\Casual_Shoes\38544.jpg
4853,Casual Shoes,data/subset\Casual_Shoes\4853.jpg
26563,Casual Shoes,data/subset\Casual_Shoes\26563.jpg
26659,Casual Shoes,data/subset\Casual_Shoes\26659.jpg
3564,Casual Shoes,data/subset\Casual_Shoes\3564.jpg
6413,Casual Shoes,data/subset\Casual_Shoes\6413.jpg
24259,Casual Shoes,data/subset\Casual_Shoes\24259.jpg
3588,Casual Shoes,data/subset\Casual_Shoes\3588.jpg
7041,Casual Shoes,data/subset\Casual_Shoes\7041.jpg
44746,Casual Shoes,data/subset\Casual_Shoes\44746.jpg
29573,Casual Shoes,data/subset\Casual_Shoes\29573.jpg
26559,Casual Shoes,data/subset\Casual_Shoes\26559.jpg
43380,Casual Shoes,data/subset\Casual_Shoes\43380.jpg
7267,Casual Shoes,data/subset\Casual_Shoes\7267.jpg
14283,Casual Shoes,data/subset\Casual_Shoes\14283.jpg
13484,Casual Shoes,data/subset\Casual_Shoes\13484.jpg
22840,Casual Shoes,data/subset\Casual_Shoes\22840.jpg
2822,Casual Shoes,data/subset\Casual_Shoes\2822.jpg
39274,Casual Shoes,data/subset\Casual_Shoes\39274.jpg
6410,Casual Shoes,data/subset\Casual_Shoes\6410.jpg
6448,Casual Shoes,data/subset\Casual_Shoes\6448.jpg
57521,Casual Shoes,data/subset\Casual_Shoes\57521.jpg
56722,Casual Shoes,data/subset\Casual_Shoes\56722.jpg
49381,Casual Shoes,data/subset\Casual_Shoes\49381.jpg
13903,Casual Shoes,data/subset\Casual_Shoes\13903.jpg
17659,Casual Shoes,data/subset\Casual_Shoes\17659.jpg
20876,Casual Shoes,data/subset\Casual_Shoes\20876.jpg
4183,Casual Shoes,data/subset\Casual_Shoes\4183.jpg
17963,Casual Shoes,data/subset\Casual_Shoes\17963.jpg
23913,Casual Shoes,data/subset\Casual_Shoes\23913.jpg
24188,Casual Shoes,data/subset\Casual_Shoes\24188.jpg
12519,Casual Shoes,data/subset\Casual_Shoes\12519.jpg
6804,Casual Shoes,data/subset\Casual_Shoes\6804.jpg
21744,Casual Shoes,data/subset\Casual_Shoes\21744.jpg
12507,Casual Shoes,data/subset\Casual_Shoes\12507.jpg
38770,Casual Shoes,data/subset\Casual_Shoes\38770.jpg
22828,Casual Shoes,data/subset\Casual_Shoes\22828.jpg
22846,Casual Shoes,data/subset\Casual_Shoes\22846.jpg
22160,Casual Shoes,data/subset\Casual_Shoes\22160.jpg
4455,Casual Shoes,data/subset\Casual_Shoes\4455.jpg
5699,Casual Shoes,data/subset\Casual_Shoes\5699.jpg
17757,Casual Shoes,data/subset\Casual_Shoes\17757.jpg
16157,Casual Shoes,data/subset\Casual_Shoes\16157.jpg
11842,Casual Shoes,data/subset\Casual_Shoes\11842.jpg
17766,Casual Shoes,data/subset\Casual_Shoes\17766.jpg
3790,Casual Shoes,data/subset\Casual_Shoes\3790.jpg
25420,Casual Shoes,data/subset\Casual_Shoes\25420.jpg
22826,Casual Shoes,data/subset\Casual_Shoes\22826.jpg
15508,Casual Shoes,data/subset\Casual_Shoes\15508.jpg
44494,Casual Shoes,data/subset\Casual_Shoes\44494.jpg
44739,Casual Shoes,data/subset\Casual_Shoes\44739.jpg
18405,Casual Shoes,data/subset\Casual_Shoes\18405.jpg
28657,Casual Shoes,data/subset\Casual_Shoes\28657.jpg
6368,Casual Shoes,data/subset\Casual_Shoes\6368.jpg
30237,Casual Shoes,data/subset\Casual_Shoes\30237.jpg
6799,Casual Shoes,data/subset\Casual_Shoes\6799.jpg
45866,Casual Shoes,data/subset\Casual_Shoes\45866.jpg
47643,Casual Shoes,data/subset\Casual_Shoes\47643.jpg
46102,Casual Shoes,data/subset\Casual_Shoes\46102.jpg
4282,Casual Shoes,data/subset\Casual_Shoes\4282.jpg
50751,Casual Shoes,data/subset\Casual_Shoes\50751.jpg
11816,Casual Shoes,data/subset\Casual_Shoes\11816.jpg
17747,Casual Shoes,data/subset\Casual_Shoes\17747.jpg
10154,Casual Shoes,data/subset\Casual_Shoes\10154.jpg
57529,Casual Shoes,data/subset\Casual_Shoes\57529.jpg
25452,Casual Shoes,data/subset\Casual_Shoes\25452.jpg
17697,Casual Shoes,data/subset\Casual_Shoes\17697.jpg
12510,Casual Shoes,data/subset\Casual_Shoes\12510.jpg
13988,Casual Shoes,data/subset\Casual_Shoes\13988.jpg
4507,Sports Shoes,data/subset\Sports_Shoes\4507.jpg
4484,Sports Shoes,data/subset\Sports_Shoes\4484.jpg
26592,Sports Shoes,data/subset\Sports_Shoes\26592.jpg
3310,Sports Shoes,data/subset\Sports_Shoes\3310.jpg
46803,Sports Shoes,data/subset\Sports_Shoes\46803.jpg
4547,Sports Shoes,data/subset\Sports_Shoes\4547.jpg
25442,Sports Shoes,data/subset\Sports_Shoes\25442.jpg
1951,Sports Shoes,data/subset\Sports_Shoes\1951.jpg
2197,Sports Shoes,data/subset\Sports_Shoes\2197.jpg
54536,Sports Shoes,data/subset\Sports_Shoes\54536.jpg
7593,Sports Shoes,data/subset\Sports_Shoes\7593.jpg
23842,Sports Shoes,data/subset\Sports_Shoes\23842.jpg
26683,Sports Shoes,data/subset\Sports_Shoes\26683.jpg
13991,Sports Shoes,data/subset\Sports_Shoes\13991.jpg
41437,Sports Shoes,data/subset\Sports_Shoes\41437.jpg
40472,Sports Shoes,data/subset\Sports_Shoes\40472.jpg
8092,Sports Shoes,data/subset\Sports_Shoes\8092.jpg
43371,Sports Shoes,data/subset\Sports_Shoes\43371.jpg
43335,Sports Shoes,data/subset\Sports_Shoes\43335.jpg
19941,Sports Shoes,data/subset\Sports_Shoes\19941.jpg
33823,Sports Shoes,data/subset\Sports_Shoes\33823.jpg
6643,Sports Shoes,data/subset\Sports_Shoes\6643.jpg
21175,Sports Shoes,data/subset\Sports_Shoes\21175.jpg
34637,Sports Shoes,data/subset\Sports_Shoes\34637.jpg
4267,Sports Shoes,data/subset\Sports_Shoes\4267.jpg
23864,Sports Shoes,data/subset\Sports_Shoes\23864.jpg
12977,Sports Shoes,data/subset\Sports_Shoes\12977.jpg
25564,Sports Shoes,data/subset\Sports_Shoes\25564.jpg
13167,Sports Shoes,data/subset\Sports_Shoes\13167.jpg
42181,Sports Shoes,data/subset\Sports_Shoes\42181.jpg
6387,Sports Shoes,data/subset\Sports_Shoes\6387.jpg
39638,Sports Shoes,data/subset\Sports_Shoes\39638.jpg
3688,Sports Shoes,data/subset\Sports_Shoes\3688.jpg
31955,Sports Shoes,data/subset\Sports_Shoes\31955.jpg
5579,Sports Shoes,data/subset\Sports_Shoes\5579.jpg
38663,Sports Shoes,data/subset\Sports_Shoes\38663.jpg
11933,Sports Shoes,data/subset\Sports_Shoes\11933.jpg
12707,Sports Shoes,data/subset\Sports_Shoes\12707.jpg
39906,Sports Shoes,data/subset\Sports_Shoes\39906.jpg
5712,Sports Shoes,data/subset\Sports_Shoes\5712.jpg
10082,Sports Shoes,data/subset\Sports_Shoes\10082.jpg
42024,Sports Shoes,data/subset\Sports_Shoes\42024.jpg
39622,Sports Shoes,data/subset\Sports_Shoes\39622.jpg
23505,Sports Shoes,data/subset\Sports_Shoes\23505.jpg
31953,Sports Shoes,data/subset\Sports_Shoes\31953.jpg
23887,Sports Shoes,data/subset\Sports_Shoes\23887.jpg
4563,Sports Shoes,data/subset\Sports_Shoes\4563.jpg
40480,Sports Shoes,data/subset\Sports_Shoes\40480.jpg
46801,Sports Shoes,data/subset\Sports_Shoes\46801.jpg
26327,Sports Shoes,data/subset\Sports_Shoes\26327.jpg
34632,Sports Shoes,data/subset\Sports_Shoes\34632.jpg
9136,Sports Shoes,data/subset\Sports_Shoes\9136.jpg
13680,Sports Shoes,data/subset\Sports_Shoes\13680.jpg
24413,Sports Shoes,data/subset\Sports_Shoes\24413.jpg
4490,Sports Shoes,data/subset\Sports_Shoes\4490.jpg
5571,Sports Shoes,data/subset\Sports_Shoes\5571.jpg
41435,Sports Shoes,data/subset\Sports_Shoes\41435.jpg
6644,Sports Shoes,data/subset\Sports_Shoes\6644.jpg
28637,Sports Shoes,data/subset\Sports_Shoes\28637.jpg
9121,Sports Shoes,data/subset\Sports_Shoes\9121.jpg
13168,Sports Shoes,data/subset\Sports_Shoes\13168.jpg
5754,Sports Shoes,data/subset\Sports_Shoes\5754.jpg
44234,Sports Shoes,data/subset\Sports_Shoes\44234.jpg
10533,Sports Shoes,data/subset\Sports_Shoes\10533.jpg
5537,Sports Shoes,data/subset\Sports_Shoes\5537.jpg
34848,Sports Shoes,data/subset\Sports_Shoes\34848.jpg
5349,Sports Shoes,data/subset\Sports_Shoes\5349.jpg
5401,Sports Shoes,data/subset\Sports_Shoes\5401.jpg
6389,Sports Shoes,data/subset\Sports_Shoes\6389.jpg
13648,Sports Shoes,data/subset\Sports_Shoes\13648.jpg
5735,Sports Shoes,data/subset\Sports_Shoes\5735.jpg
28661,Sports Shoes,data/subset\Sports_Shoes\28661.jpg
5406,Sports Shoes,data/subset\Sports_Shoes\5406.jpg
25412,Sports Shoes,data/subset\Sports_Shoes\25412.jpg
3161,Sports Shoes,data/subset\Sports_Shoes\3161.jpg
5353,Sports Shoes,data/subset\Sports_Shoes\5353.jpg
1785,Sports Shoes,data/subset\Sports_Shoes\1785.jpg
28656,Sports Shoes,data/subset\Sports_Shoes\28656.jpg
5384,Sports Shoes,data/subset\Sports_Shoes\5384.jpg
1541,Sports Shoes,data/subset\Sports_Shoes\1541.jpg
42091,Sports Shoes,data/subset\Sports_Shoes\42091.jpg
41840,Sports Shoes,data/subset\Sports_Shoes\41840.jpg
4576,Sports Shoes,data/subset\Sports_Shoes\4576.jpg
3301,Sports Shoes,data/subset\Sports_Shoes\3301.jpg
8346,Sports Shoes,data/subset\Sports_Shoes\8346.jpg
7600,Sports Shoes,data/subset\Sports_Shoes\7600.jpg
18593,Sports Shoes,data/subset\Sports_Shoes\18593.jpg
5583,Sports Shoes,data/subset\Sports_Shoes\5583.jpg
4153,Sports Shoes,data/subset\Sports_Shoes\4153.jpg
41827,Sports Shoes,data/subset\Sports_Shoes\41827.jpg
18412,Sports Shoes,data/subset\Sports_Shoes\18412.jpg
54540,Sports Shoes,data/subset\Sports_Shoes\54540.jpg
4523,Sports Shoes,data/subset\Sports_Shoes\4523.jpg
24412,Sports Shoes,data/subset\Sports_Shoes\24412.jpg
5239,Sports Shoes,data/subset\Sports_Shoes\5239.jpg
15714,Sports Shoes,data/subset\Sports_Shoes\15714.jpg
9109,Sports Shoes,data/subset\Sports_Shoes\9109.jpg
6631,Sports Shoes,data/subset\Sports_Shoes\6631.jpg
53438,Sports Shoes,data/subset\Sports_Shoes\53438.jpg
15740,Sports Shoes,data/subset\Sports_Shoes\15740.jpg
25411,Sports Shoes,data/subset\Sports_Shoes\25411.jpg
46215,Sports Shoes,data/subset\Sports_Shoes\46215.jpg
44762,Sports Shoes,data/subset\Sports_Shoes\44762.jpg
5476,Sports Shoes,data/subset\Sports_Shoes\5476.jpg
8082,Sports Shoes,data/subset\Sports_Shoes\8082.jpg
5390,Sports Shoes,data/subset\Sports_Shoes\5390.jpg
29250,Sports Shoes,data/subset\Sports_Shoes\29250.jpg
5398,Sports Shoes,data/subset\Sports_Shoes\5398.jpg
32178,Sports Shoes,data/subset\Sports_Shoes\32178.jpg
4657,Sports Shoes,data/subset\Sports_Shoes\4657.jpg
24416,Sports Shoes,data/subset\Sports_Shoes\24416.jpg
39635,Sports Shoes,data/subset\Sports_Shoes\39635.jpg
10110,Sports Shoes,data/subset\Sports_Shoes\10110.jpg
8085,Sports Shoes,data/subset\Sports_Shoes\8085.jpg
12954,Sports Shoes,data/subset\Sports_Shoes\12954.jpg
15314,Sports Shoes,data/subset\Sports_Shoes\15314.jpg
22699,Sports Shoes,data/subset\Sports_Shoes\22699.jpg
19307,Sports Shoes,data/subset\Sports_Shoes\19307.jpg
31944,Sports Shoes,data/subset\Sports_Shoes\31944.jpg
43349,Sports Shoes,data/subset\Sports_Shoes\43349.jpg
54539,Sports Shoes,data/subset\Sports_Shoes\54539.jpg
12691,Sports Shoes,data/subset\Sports_Shoes\12691.jpg
8091,Sports Shoes,data/subset\Sports_Shoes\8091.jpg
8075,Sports Shoes,data/subset\Sports_Shoes\8075.jpg
8344,Sports Shoes,data/subset\Sports_Shoes\8344.jpg
5408,Sports Shoes,data/subset\Sports_Shoes\5408.jpg
5375,Sports Shoes,data/subset\Sports_Shoes\5375.jpg
5373,Sports Shoes,data/subset\Sports_Shoes\5373.jpg
22713,Sports Shoes,data/subset\Sports_Shoes\22713.jpg
9396,Sports Shoes,data/subset\Sports_Shoes\9396.jpg
5726,Sports Shoes,data/subset\Sports_Shoes\5726.jpg
44227,Sports Shoes,data/subset\Sports_Shoes\44227.jpg
5471,Sports Shoes,data/subset\Sports_Shoes\5471.jpg
25477,Sports Shoes,data/subset\Sports_Shoes\25477.jpg
25410,Sports Shoes,data/subset\Sports_Shoes\25410.jpg
13198,Sports Shoes,data/subset\Sports_Shoes\13198.jpg
4151,Sports Shoes,data/subset\Sports_Shoes\4151.jpg
34733,Sports Shoes,data/subset\Sports_Shoes\34733.jpg
31684,Sports Shoes,data/subset\Sports_Shoes\31684.jpg
24419,Sports Shoes,data/subset\Sports_Shoes\24419.jpg
17739,Sports Shoes,data/subset\Sports_Shoes\17739.jpg
3239,Sports Shoes,data/subset\Sports_Shoes\3239.jpg
20886,Sports Shoes,data/subset\Sports_Shoes\20886.jpg
2967,Sports Shoes,data/subset\Sports_Shoes\2967.jpg
22952,Sports Shoes,data/subset\Sports_Shoes\22952.jpg
42984,Sports Shoes,data/subset\Sports_Shoes\42984.jpg
26374,Sports Shoes,data/subset\Sports_Shoes\26374.jpg
25418,Sports Shoes,data/subset\Sports_Shoes\25418.jpg
4642,Sports Shoes,data/subset\Sports_Shoes\4642.jpg
8974,Sports Shoes,data/subset\Sports_Shoes\8974.jpg
29241,Sports Shoes,data/subset\Sports_Shoes\29241.jpg
14334,Sports Shoes,data/subset\Sports_Shoes\14334.jpg
33827,Sports Shoes,data/subset\Sports_Shoes\33827.jpg
1827,Sports Shoes,data/subset\Sports_Shoes\1827.jpg
13166,Sports Shoes,data/subset\Sports_Shoes\13166.jpg
23941,Sports Shoes,data/subset\Sports_Shoes\23941.jpg
44232,Sports Shoes,data/subset\Sports_Shoes\44232.jpg
24424,Sports Shoes,data/subset\Sports_Shoes\24424.jpg
39910,Sports Shoes,data/subset\Sports_Shoes\39910.jpg
53874,Sports Shoes,data/subset\Sports_Shoes\53874.jpg
26612,Sports Shoes,data/subset\Sports_Shoes\26612.jpg
38674,Sports Shoes,data/subset\Sports_Shoes\38674.jpg
43001,Sports Shoes,data/subset\Sports_Shoes\43001.jpg
9134,Sports Shoes,data/subset\Sports_Shoes\9134.jpg
3303,Sports Shoes,data/subset\Sports_Shoes\3303.jpg
38665,Sports Shoes,data/subset\Sports_Shoes\38665.jpg
59015,Sports Shoes,data/subset\Sports_Shoes\59015.jpg
35425,Sports Shoes,data/subset\Sports_Shoes\35425.jpg
5241,Sports Shoes,data/subset\Sports_Shoes\5241.jpg
5350,Sports Shoes,data/subset\Sports_Shoes\5350.jpg
5348,Sports Shoes,data/subset\Sports_Shoes\5348.jpg
8093,Sports Shoes,data/subset\Sports_Shoes\8093.jpg
17844,Sports Shoes,data/subset\Sports_Shoes\17844.jpg
4342,Sports Shoes,data/subset\Sports_Shoes\4342.jpg
31209,Sports Shoes,data/subset\Sports_Shoes\31209.jpg
5568,Sports Shoes,data/subset\Sports_Shoes\5568.jpg
14345,Sports Shoes,data/subset\Sports_Shoes\14345.jpg
4445,Sports Shoes,data/subset\Sports_Shoes\4445.jpg
42989,Sports Shoes,data/subset\Sports_Shoes\42989.jpg
42995,Sports Shoes,data/subset\Sports_Shoes\42995.jpg
26649,Sports Shoes,data/subset\Sports_Shoes\26649.jpg
34654,Sports Shoes,data/subset\Sports_Shoes\34654.jpg
46090,Sports Shoes,data/subset\Sports_Shoes\46090.jpg
5038,Sports Shoes,data/subset\Sports_Shoes\5038.jpg
43360,Sports Shoes,data/subset\Sports_Shoes\43360.jpg
34831,Sports Shoes,data/subset\Sports_Shoes\34831.jpg
34735,Sports Shoes,data/subset\Sports_Shoes\34735.jpg
4638,Sports Shoes,data/subset\Sports_Shoes\4638.jpg
39634,Sports Shoes,data/subset\Sports_Shoes\39634.jpg
34817,Sports Shoes,data/subset\Sports_Shoes\34817.jpg
1636,Sports Shoes,data/subset\Sports_Shoes\1636.jpg
13915,Sports Shoes,data/subset\Sports_Shoes\13915.jpg
18419,Sports Shoes,data/subset\Sports_Shoes\18419.jpg
5577,Sports Shoes,data/subset\Sports_Shoes\5577.jpg
43341,Sports Shoes,data/subset\Sports_Shoes\43341.jpg
9395,Sports Shoes,data/subset\Sports_Shoes\9395.jpg
44235,Sports Shoes,data/subset\Sports_Shoes\44235.jpg
5379,Sports Shoes,data/subset\Sports_Shoes\5379.jpg
4562,Sports Shoes,data/subset\Sports_Shoes\4562.jpg
15745,Sports Shoes,data/subset\Sports_Shoes\15745.jpg
43002,Sports Shoes,data/subset\Sports_Shoes\43002.jpg
26620,Sports Shoes,data/subset\Sports_Shoes\26620.jpg
22983,Sports Shoes,data/subset\Sports_Shoes\22983.jpg
22491,Sports Shoes,data/subset\Sports_Shoes\22491.jpg
9014,Sports Shoes,data/subset\Sports_Shoes\9014.jpg
15723,Sports Shoes,data/subset\Sports_Shoes\15723.jpg
35712,Sports Shoes,data/subset\Sports_Shoes\35712.jpg
36219,Sports Shoes,data/subset\Sports_Shoes\36219.jpg
10037,Sports Shoes,data/subset\Sports_Shoes\10037.jpg
4470,Sports Shoes,data/subset\Sports_Shoes\4470.jpg
10126,Sports Shoes,data/subset\Sports_Shoes\10126.jpg
6667,Sports Shoes,data/subset\Sports_Shoes\6667.jpg
12971,Sports Shoes,data/subset\Sports_Shoes\12971.jpg
36447,Sports Shoes,data/subset\Sports_Shoes\36447.jpg
35932,Sports Shoes,data/subset\Sports_Shoes\35932.jpg
18905,Sports Shoes,data/subset\Sports_Shoes\18905.jpg
15415,Sports Shoes,data/subset\Sports_Shoes\15415.jpg
4569,Sports Shoes,data/subset\Sports_Shoes\4569.jpg
26614,Sports Shoes,data/subset\Sports_Shoes\26614.jpg
34649,Sports Shoes,data/subset\Sports_Shoes\34649.jpg
5352,Sports Shoes,data/subset\Sports_Shoes\5352.jpg
31978,Sports Shoes,data/subset\Sports_Shoes\31978.jpg
19938,Sports Shoes,data/subset\Sports_Shoes\19938.jpg
44612,Sports Shoes,data/subset\Sports_Shoes\44612.jpg
22542,Sports Shoes,data/subset\Sports_Shoes\22542.jpg
35428,Sports Shoes,data/subset\Sports_Shoes\35428.jpg
9203,Sports Shoes,data/subset\Sports_Shoes\9203.jpg
24455,Sports Shoes,data/subset\Sports_Shoes\24455.jpg
35777,Sports Shoes,data/subset\Sports_Shoes\35777.jpg
5582,Sports Shoes,data/subset\Sports_Shoes\5582.jpg
3660,Sports Shoes,data/subset\Sports_Shoes\3660.jpg
54524,Sports Shoes,data/subset\Sports_Shoes\54524.jpg
9105,Sports Shoes,data/subset\Sports_Shoes\9105.jpg
25415,Sports Shoes,data/subset\Sports_Shoes\25415.jpg
6745,Sports Shoes,data/subset\Sports_Shoes\6745.jpg
5248,Sports Shoes,data/subset\Sports_Shoes\5248.jpg
1841,Sports Shoes,data/subset\Sports_Shoes\1841.jpg
1787,Sports Shoes,data/subset\Sports_Shoes\1787.jpg
4044,Sports Shoes,data/subset\Sports_Shoes\4044.jpg
22711,Sports Shoes,data/subset\Sports_Shoes\22711.jpg
1784,Sports Shoes,data/subset\Sports_Shoes\1784.jpg
9398,Sports Shoes,data/subset\Sports_Shoes\9398.jpg
17845,Sports Shoes,data/subset\Sports_Shoes\17845.jpg
51741,Sports Shoes,data/subset\Sports_Shoes\51741.jpg
12959,Sports Shoes,data/subset\Sports_Shoes\12959.jpg
10088,Sports Shoes,data/subset\Sports_Shoes\10088.jpg
7741,Sports Shoes,data/subset\Sports_Shoes\7741.jpg
5365,Sports Shoes,data/subset\Sports_Shoes\5365.jpg
10078,Sports Shoes,data/subset\Sports_Shoes\10078.jpg
29257,Sports Shoes,data/subset\Sports_Shoes\29257.jpg
57043,Dresses,data/subset\Dresses\57043.jpg
41302,Dresses,data/subset\Dresses\41302.jpg
2697,Dresses,data/subset\Dresses\2697.jpg
57047,Dresses,data/subset\Dresses\57047.jpg
29166,Dresses,data/subset\Dresses\29166.jpg
41565,Dresses,data/subset\Dresses\41565.jpg
59897,Dresses,data/subset\Dresses\59897.jpg
43645,Dresses,data/subset\Dresses\43645.jpg
43510,Dresses,data/subset\Dresses\43510.jpg
43508,Dresses,data/subset\Dresses\43508.jpg
43637,Dresses,data/subset\Dresses\43637.jpg
43633,Dresses,data/subset\Dresses\43633.jpg
41571,Dresses,data/subset\Dresses\41571.jpg
59969,Dresses,data/subset\Dresses\59969.jpg
43634,Dresses,data/subset\Dresses\43634.jpg
59974,Dresses,data/subset\Dresses\59974.jpg
58002,Dresses,data/subset\Dresses\58002.jpg
27196,Dresses,data/subset\Dresses\27196.jpg
43653,Dresses,data/subset\Dresses\43653.jpg
33969,Dresses,data/subset\Dresses\33969.jpg
57048,Dresses,data/subset\Dresses\57048.jpg
39716,Dresses,data/subset\Dresses\39716.jpg
34591,Dresses,data/subset\Dresses\34591.jpg
18897,Dresses,data/subset\Dresses\18897.jpg
49647,Dresses,data/subset\Dresses\49647.jpg
58493,Dresses,data/subset\Dresses\58493.jpg
34578,Dresses,data/subset\Dresses\34578.jpg
26974,Dresses,data/subset\Dresses\26974.jpg
59980,Dresses,data/subset\Dresses\59980.jpg
12830,Dresses,data/subset\Dresses\12830.jpg
43652,Dresses,data/subset\Dresses\43652.jpg
43919,Dresses,data/subset\Dresses\43919.jpg
57052,Dresses,data/subset\Dresses\57052.jpg
43681,Dresses,data/subset\Dresses\43681.jpg
38839,Dresses,data/subset\Dresses\38839.jpg
43632,Dresses,data/subset\Dresses\43632.jpg
54974,Dresses,data/subset\Dresses\54974.jpg
54973,Dresses,data/subset\Dresses\54973.jpg
34570,Dresses,data/subset\Dresses\34570.jpg
48085,Dresses,data/subset\Dresses\48085.jpg
29158,Dresses,data/subset\Dresses\29158.jpg
34588,Dresses,data/subset\Dresses\34588.jpg
32582,Dresses,data/subset\Dresses\32582.jpg
48485,Dresses,data/subset\Dresses\48485.jpg
57058,Dresses,data/subset\Dresses\57058.jpg
10016,Dresses,data/subset\Dresses\10016.jpg
57050,Dresses,data/subset\Dresses\57050.jpg
59978,Dresses,data/subset\Dresses\59978.jpg
33199,Dresses,data/subset\Dresses\33199.jpg
4933,Dresses,data/subset\Dresses\4933.jpg
12849,Dresses,data/subset\Dresses\12849.jpg
34473,Dresses,data/subset\Dresses\34473.jpg
7306,Dresses,data/subset\Dresses\7306.jpg
46271,Dresses,data/subset\Dresses\46271.jpg
26934,Dresses,data/subset\Dresses\26934.jpg
48486,Dresses,data/subset\Dresses\48486.jpg
43515,Dresses,data/subset\Dresses\43515.jpg
46281,Dresses,data/subset\Dresses\46281.jpg
57042,Dresses,data/subset\Dresses\57042.jpg
41140,Dresses,data/subset\Dresses\41140.jpg
57049,Dresses,data/subset\Dresses\57049.jpg
8483,Dresses,data/subset\Dresses\8483.jpg
41784,Dresses,data/subset\Dresses\41784.jpg
38828,Dresses,data/subset\Dresses\38828.jpg
59970,Dresses,data/subset\Dresses\59970.jpg
35989,Dresses,data/subset\Dresses\35989.jpg
34586,Dresses,data/subset\Dresses\34586.jpg
27226,Dresses,data/subset\Dresses\27226.jpg
58501,Dresses,data/subset\Dresses\58501.jpg
6870,Dresses,data/subset\Dresses\6870.jpg
59985,Dresses,data/subset\Dresses\59985.jpg
33226,Dresses,data/subset\Dresses\33226.jpg
31124,Dresses,data/subset\Dresses\31124.jpg
48466,Dresses,data/subset\Dresses\48466.jpg
59972,Dresses,data/subset\Dresses\59972.jpg
38830,Dresses,data/subset\Dresses\38830.jpg
58494,Dresses,data/subset\Dresses\58494.jpg
57995,Dresses,data/subset\Dresses\57995.jpg
57986,Dresses,data/subset\Dresses\57986.jpg
29167,Dresses,data/subset\Dresses\29167.jpg
25907,Dresses,data/subset\Dresses\25907.jpg
18169,Dresses,data/subset\Dresses\18169.jpg
39724,Dresses,data/subset\Dresses\39724.jpg
37929,Dresses,data/subset\Dresses\37929.jpg
59966,Dresses,data/subset\Dresses\59966.jpg
48525,Dresses,data/subset\Dresses\48525.jpg
36750,Dresses,data/subset\Dresses\36750.jpg
48483,Dresses,data/subset\Dresses\48483.jpg
49646,Dresses,data/subset\Dresses\49646.jpg
34598,Dresses,data/subset\Dresses\34598.jpg
49631,Dresses,data/subset\Dresses\49631.jpg
32581,Dresses,data/subset\Dresses\32581.jpg
58505,Dresses,data/subset\Dresses\58505.jpg
32576,Dresses,data/subset\Dresses\32576.jpg
48084,Dresses,data/subset\Dresses\48084.jpg
52130,Dresses,data/subset\Dresses\52130.jpg
25966,Dresses,data/subset\Dresses\25966.jpg
39227,Dresses,data/subset\Dresses\39227.jpg
44682,Dresses,data/subset\Dresses\44682.jpg
59986,Dresses,data/subset\Dresses\59986.jpg
18168,Dresses,data/subset\Dresses\18168.jpg
48468,Dresses,data/subset\Dresses\48468.jpg
26355,Dresses,data/subset\Dresses\26355.jpg
39232,Dresses,data/subset\Dresses\39232.jpg
38844,Dresses,data/subset\Dresses\38844.jpg
38998,Dresses,data/subset\Dresses\38998.jpg
48480,Dresses,data/subset\Dresses\48480.jpg
14197,Dresses,data/subset\Dresses\14197.jpg
27223,Dresses,data/subset\Dresses\27223.jpg
34167,Dresses,data/subset\Dresses\34167.jpg
52162,Dresses,data/subset\Dresses\52162.jpg
59795,Dresses,data/subset\Dresses\59795.jpg
34113,Dresses,data/subset\Dresses\34113.jpg
26927,Dresses,data/subset\Dresses\26927.jpg
58489,Dresses,data/subset\Dresses\58489.jpg
6874,Dresses,data/subset\Dresses\6874.jpg
31126,Dresses,data/subset\Dresses\31126.jpg
38997,Dresses,data/subset\Dresses\38997.jpg
40412,Dresses,data/subset\Dresses\40412.jpg
38838,Dresses,data/subset\Dresses\38838.jpg
41798,Dresses,data/subset\Dresses\41798.jpg
58425,Dresses,data/subset\Dresses\58425.jpg
51457,Dresses,data/subset\Dresses\51457.jpg
50698,Dresses,data/subset\Dresses\50698.jpg
52124,Dresses,data/subset\Dresses\52124.jpg
44944,Dresses,data/subset\Dresses\44944.jpg
6893,Dresses,data/subset\Dresses\6893.jpg
33997,Dresses,data/subset\Dresses\33997.jpg
38832,Dresses,data/subset\Dresses\38832.jpg
6868,Dresses,data/subset\Dresses\6868.jpg
43514,Dresses,data/subset\Dresses\43514.jpg
43302,Dresses,data/subset\Dresses\43302.jpg
18736,Dresses,data/subset\Dresses\18736.jpg
34015,Dresses,data/subset\Dresses\34015.jpg
40405,Dresses,data/subset\Dresses\40405.jpg
59981,Dresses,data/subset\Dresses\59981.jpg
5566,Dresses,data/subset\Dresses\5566.jpg
4984,Dresses,data/subset\Dresses\4984.jpg
34599,Dresses,data/subset\Dresses\34599.jpg
38843,Dresses,data/subset\Dresses\38843.jpg
43511,Dresses,data/subset\Dresses\43511.jpg
43680,Dresses,data/subset\Dresses\43680.jpg
32378,Dresses,data/subset\Dresses\32378.jpg
18754,Dresses,data/subset\Dresses\18754.jpg
57046,Dresses,data/subset\Dresses\57046.jpg
38842,Dresses,data/subset\Dresses\38842.jpg
59975,Dresses,data/subset\Dresses\59975.jpg
54972,Dresses,data/subset\Dresses\54972.jpg
41141,Dresses,data/subset\Dresses\41141.jpg
18895,Dresses,data/subset\Dresses\18895.jpg
59965,Dresses,data/subset\Dresses\59965.jpg
57041,Dresses,data/subset\Dresses\57041.jpg
57056,Dresses,data/subset\Dresses\57056.jpg
10360,Dresses,data/subset\Dresses\10360.jpg
47675,Dresses,data/subset\Dresses\47675.jpg
4934,Dresses,data/subset\Dresses\4934.jpg
57035,Dresses,data/subset\Dresses\57035.jpg
37266,Dresses,data/subset\Dresses\37266.jpg
43659,Dresses,data/subset\Dresses\43659.jpg
48475,Dresses,data/subset\Dresses\48475.jpg
26928,Dresses,data/subset\Dresses\26928.jpg
39234,Dresses,data/subset\Dresses\39234.jpg
47650,Dresses,data/subset\Dresses\47650.jpg
12837,Dresses,data/subset\Dresses\12837.jpg
8486,Dresses,data/subset\Dresses\8486.jpg
58492,Dresses,data/subset\Dresses\58492.jpg
52128,Dresses,data/subset\Dresses\52128.jpg
57057,Dresses,data/subset\Dresses\57057.jpg
59811,Dresses,data/subset\Dresses\59811.jpg
31130,Dresses,data/subset\Dresses\31130.jpg
37198,Dresses,data/subset\Dresses\37198.jpg
4936,Dresses,data/subset\Dresses\4936.jpg
43678,Dresses,data/subset\Dresses\43678.jpg
59996,Dresses,data/subset\Dresses\59996.jpg
48469,Dresses,data/subset\Dresses\48469.jpg
59990,Dresses,data/subset\Dresses\59990.jpg
18167,Dresses,data/subset\Dresses\18167.jpg
41996,Dresses,data/subset\Dresses\41996.jpg
32577,Dresses,data/subset\Dresses\32577.jpg
48470,Dresses,data/subset\Dresses\48470.jpg
57044,Dresses,data/subset\Dresses\57044.jpg
46216,Dresses,data/subset\Dresses\46216.jpg
51448,Dresses,data/subset\Dresses\51448.jpg
59973,Dresses,data/subset\Dresses\59973.jpg
34064,Dresses,data/subset\Dresses\34064.jpg
23051,Dresses,data/subset\Dresses\23051.jpg
31127,Dresses,data/subset\Dresses\31127.jpg
18735,Dresses,data/subset\Dresses\18735.jpg
27224,Dresses,data/subset\Dresses\27224.jpg
52131,Dresses,data/subset\Dresses\52131.jpg
59991,Dresses,data/subset\Dresses\59991.jpg
39217,Dresses,data/subset\Dresses\39217.jpg
42216,Dresses,data/subset\Dresses\42216.jpg
48086,Dresses,data/subset\Dresses\48086.jpg
44688,Dresses,data/subset\Dresses\44688.jpg
31167,Dresses,data/subset\Dresses\31167.jpg
38835,Dresses,data/subset\Dresses\38835.jpg
34566,Dresses,data/subset\Dresses\34566.jpg
41786,Dresses,data/subset\Dresses\41786.jpg
31129,Dresses,data/subset\Dresses\31129.jpg
40430,Dresses,data/subset\Dresses\40430.jpg
43509,Dresses,data/subset\Dresses\43509.jpg
58503,Dresses,data/subset\Dresses\58503.jpg
42209,Dresses,data/subset\Dresses\42209.jpg
47656,Dresses,data/subset\Dresses\47656.jpg
51465,Dresses,data/subset\Dresses\51465.jpg
2704,Dresses,data/subset\Dresses\2704.jpg
59896,Dresses,data/subset\Dresses\59896.jpg
59984,Dresses,data/subset\Dresses\59984.jpg
57999,Dresses,data/subset\Dresses\57999.jpg
58003,Dresses,data/subset\Dresses\58003.jpg
34095,Dresses,data/subset\Dresses\34095.jpg
41774,Dresses,data/subset\Dresses\41774.jpg
46277,Dresses,data/subset\Dresses\46277.jpg
47676,Dresses,data/subset\Dresses\47676.jpg
48476,Dresses,data/subset\Dresses\48476.jpg
48473,Dresses,data/subset\Dresses\48473.jpg
58439,Dresses,data/subset\Dresses\58439.jpg
38846,Dresses,data/subset\Dresses\38846.jpg
50720,Dresses,data/subset\Dresses\50720.jpg
25503,Dresses,data/subset\Dresses\25503.jpg
4987,Dresses,data/subset\Dresses\4987.jpg
42217,Dresses,data/subset\Dresses\42217.jpg
58001,Dresses,data/subset\Dresses\58001.jpg
43586,Dresses,data/subset\Dresses\43586.jpg
2710,Dresses,data/subset\Dresses\2710.jpg
43625,Dresses,data/subset\Dresses\43625.jpg
31128,Dresses,data/subset\Dresses\31128.jpg
43646,Dresses,data/subset\Dresses\43646.jpg
43672,Dresses,data/subset\Dresses\43672.jpg
10406,Dresses,data/subset\Dresses\10406.jpg
2711,Dresses,data/subset\Dresses\2711.jpg
43677,Dresses,data/subset\Dresses\43677.jpg
38836,Dresses,data/subset\Dresses\38836.jpg
48478,Dresses,data/subset\Dresses\48478.jpg
4983,Dresses,data/subset\Dresses\4983.jpg
25908,Dresses,data/subset\Dresses\25908.jpg
33970,Dresses,data/subset\Dresses\33970.jpg
47661,Dresses,data/subset\Dresses\47661.jpg
34592,Dresses,data/subset\Dresses\34592.jpg
38837,Dresses,data/subset\Dresses\38837.jpg
39235,Dresses,data/subset\Dresses\39235.jpg
48467,Dresses,data/subset\Dresses\48467.jpg
48472,Dresses,data/subset\Dresses\48472.jpg
57994,Dresses,data/subset\Dresses\57994.jpg
57040,Dresses,data/subset\Dresses\57040.jpg
16567,Dresses,data/subset\Dresses\16567.jpg
47655,Dresses,data/subset\Dresses\47655.jpg
23621,Dresses,data/subset\Dresses\23621.jpg
44687,Dresses,data/subset\Dresses\44687.jpg
47434,Handbags,data/subset\Handbags\47434.jpg
20420,Handbags,data/subset\Handbags\20420.jpg
48187,Handbags,data/subset\Handbags\48187.jpg
58184,Handbags,data/subset\Handbags\58184.jpg
9485,Handbags,data/subset\Handbags\9485.jpg
51934,Handbags,data/subset\Handbags\51934.jpg
21526,Handbags,data/subset\Handbags\21526.jpg
21945,Handbags,data/subset\Handbags\21945.jpg
15660,Handbags,data/subset\Handbags\15660.jpg
27742,Handbags,data/subset\Handbags\27742.jpg
25208,Handbags,data/subset\Handbags\25208.jpg
25218,Handbags,data/subset\Handbags\25218.jpg
54007,Handbags,data/subset\Handbags\54007.jpg
10220,Handbags,data/subset\Handbags\10220.jpg
24789,Handbags,data/subset\Handbags\24789.jpg
10230,Handbags,data/subset\Handbags\10230.jpg
42834,Handbags,data/subset\Handbags\42834.jpg
38444,Handbags,data/subset\Handbags\38444.jpg
49567,Handbags,data/subset\Handbags\49567.jpg
1598,Handbags,data/subset\Handbags\1598.jpg
10217,Handbags,data/subset\Handbags\10217.jpg
42936,Handbags,data/subset\Handbags\42936.jpg
57231,Handbags,data/subset\Handbags\57231.jpg
42860,Handbags,data/subset\Handbags\42860.jpg
54040,Handbags,data/subset\Handbags\54040.jpg
4604,Handbags,data/subset\Handbags\4604.jpg
27743,Handbags,data/subset\Handbags\27743.jpg
52622,Handbags,data/subset\Handbags\52622.jpg
21934,Handbags,data/subset\Handbags\21934.jpg
47294,Handbags,data/subset\Handbags\47294.jpg
42837,Handbags,data/subset\Handbags\42837.jpg
47889,Handbags,data/subset\Handbags\47889.jpg
47142,Handbags,data/subset\Handbags\47142.jpg
28448,Handbags,data/subset\Handbags\28448.jpg
20830,Handbags,data/subset\Handbags\20830.jpg
20385,Handbags,data/subset\Handbags\20385.jpg
49559,Handbags,data/subset\Handbags\49559.jpg
21975,Handbags,data/subset\Handbags\21975.jpg
5854,Handbags,data/subset\Handbags\5854.jpg
48329,Handbags,data/subset\Handbags\48329.jpg
52623,Handbags,data/subset\Handbags\52623.jpg
33415,Handbags,data/subset\Handbags\33415.jpg
54033,Handbags,data/subset\Handbags\54033.jpg
35176,Handbags,data/subset\Handbags\35176.jpg
54512,Handbags,data/subset\Handbags\54512.jpg
42933,Handbags,data/subset\Handbags\42933.jpg
33734,Handbags,data/subset\Handbags\33734.jpg
27690,Handbags,data/subset\Handbags\27690.jpg
47289,Handbags,data/subset\Handbags\47289.jpg
20487,Handbags,data/subset\Handbags\20487.jpg
58173,Handbags,data/subset\Handbags\58173.jpg
43277,Handbags,data/subset\Handbags\43277.jpg
52754,Handbags,data/subset\Handbags\52754.jpg
27683,Handbags,data/subset\Handbags\27683.jpg
43333,Handbags,data/subset\Handbags\43333.jpg
28442,Handbags,data/subset\Handbags\28442.jpg
27748,Handbags,data/subset\Handbags\27748.jpg
20512,Handbags,data/subset\Handbags\20512.jpg
26430,Handbags,data/subset\Handbags\26430.jpg
47794,Handbags,data/subset\Handbags\47794.jpg
25288,Handbags,data/subset\Handbags\25288.jpg
52659,Handbags,data/subset\Handbags\52659.jpg
20967,Handbags,data/subset\Handbags\20967.jpg
37955,Handbags,data/subset\Handbags\37955.jpg
47378,Handbags,data/subset\Handbags\47378.jpg
47399,Handbags,data/subset\Handbags\47399.jpg
16759,Handbags,data/subset\Handbags\16759.jpg
34762,Handbags,data/subset\Handbags\34762.jpg
29743,Handbags,data/subset\Handbags\29743.jpg
42839,Handbags,data/subset\Handbags\42839.jpg
15436,Handbags,data/subset\Handbags\15436.jpg
10229,Handbags,data/subset\Handbags\10229.jpg
33430,Handbags,data/subset\Handbags\33430.jpg
47138,Handbags,data/subset\Handbags\47138.jpg
14788,Handbags,data/subset\Handbags\14788.jpg
43570,Handbags,data/subset\Handbags\43570.jpg
10202,Handbags,data/subset\Handbags\10202.jpg
24625,Handbags,data/subset\Handbags\24625.jpg
20611,Handbags,data/subset\Handbags\20611.jpg
25286,Handbags,data/subset\Handbags\25286.jpg
36505,Handbags,data/subset\Handbags\36505.jpg
29738,Handbags,data/subset\Handbags\29738.jpg
50431,Handbags,data/subset\Handbags\50431.jpg
2365,Handbags,data/subset\Handbags\2365.jpg
21976,Handbags,data/subset\Handbags\21976.jpg
58928,Handbags,data/subset\Handbags\58928.jpg
16760,Handbags,data/subset\Handbags\16760.jpg
5505,Handbags,data/subset\Handbags\5505.jpg
49063,Handbags,data/subset\Handbags\49063.jpg
25258,Handbags,data/subset\Handbags\25258.jpg
43571,Handbags,data/subset\Handbags\43571.jpg
25261,Handbags,data/subset\Handbags\25261.jpg
21522,Handbags,data/subset\Handbags\21522.jpg
25150,Handbags,data/subset\Handbags\25150.jpg
47139,Handbags,data/subset\Handbags\47139.jpg
53921,Handbags,data/subset\Handbags\53921.jpg
53914,Handbags,data/subset\Handbags\53914.jpg
20613,Handbags,data/subset\Handbags\20613.jpg
16765,Handbags,data/subset\Handbags\16765.jpg
10198,Handbags,data/subset\Handbags\10198.jpg
25276,Handbags,data/subset\Handbags\25276.jpg
25207,Handbags,data/subset\Handbags\25207.jpg
47724,Handbags,data/subset\Handbags\47724.jpg
53684,Handbags,data/subset\Handbags\53684.jpg
38462,Handbags,data/subset\Handbags\38462.jpg
43334,Handbags,data/subset\Handbags\43334.jpg
47814,Handbags,data/subset\Handbags\47814.jpg
49551,Handbags,data/subset\Handbags\49551.jpg
53941,Handbags,data/subset\Handbags\53941.jpg
26220,Handbags,data/subset\Handbags\26220.jpg
46972,Handbags,data/subset\Handbags\46972.jpg
35918,Handbags,data/subset\Handbags\35918.jpg
47295,Handbags,data/subset\Handbags\47295.jpg
54386,Handbags,data/subset\Handbags\54386.jpg
54491,Handbags,data/subset\Handbags\54491.jpg
58172,Handbags,data/subset\Handbags\58172.jpg
44278,Handbags,data/subset\Handbags\44278.jpg
37070,Handbags,data/subset\Handbags\37070.jpg
38422,Handbags,data/subset\Handbags\38422.jpg
47377,Handbags,data/subset\Handbags\47377.jpg
47298,Handbags,data/subset\Handbags\47298.jpg
35916,Handbags,data/subset\Handbags\35916.jpg
21552,Handbags,data/subset\Handbags\21552.jpg
58269,Handbags,data/subset\Handbags\58269.jpg
54392,Handbags,data/subset\Handbags\54392.jpg
25162,Handbags,data/subset\Handbags\25162.jpg
35909,Handbags,data/subset\Handbags\35909.jpg
57230,Handbags,data/subset\Handbags\57230.jpg
47361,Handbags,data/subset\Handbags\47361.jpg
37418,Handbags,data/subset\Handbags\37418.jpg
8519,Handbags,data/subset\Handbags\8519.jpg
49067,Handbags,data/subset\Handbags\49067.jpg
16761,Handbags,data/subset\Handbags\16761.jpg
20602,Handbags,data/subset\Handbags\20602.jpg
5874,Handbags,data/subset\Handbags\5874.jpg
8240,Handbags,data/subset\Handbags\8240.jpg
43291,Handbags,data/subset\Handbags\43291.jpg
57846,Handbags,data/subset\Handbags\57846.jpg
15651,Handbags,data/subset\Handbags\15651.jpg
14812,Handbags,data/subset\Handbags\14812.jpg
36676,Handbags,data/subset\Handbags\36676.jpg
36674,Handbags,data/subset\Handbags\36674.jpg
51918,Handbags,data/subset\Handbags\51918.jpg
44244,Handbags,data/subset\Handbags\44244.jpg
8234,Handbags,data/subset\Handbags\8234.jpg
10223,Handbags,data/subset\Handbags\10223.jpg
2663,Handbags,data/subset\Handbags\2663.jpg
36036,Handbags,data/subset\Handbags\36036.jpg
34559,Handbags,data/subset\Handbags\34559.jpg
37409,Handbags,data/subset\Handbags\37409.jpg
15296,Handbags,data/subset\Handbags\15296.jpg
25171,Handbags,data/subset\Handbags\25171.jpg
21543,Handbags,data/subset\Handbags\21543.jpg
50237,Handbags,data/subset\Handbags\50237.jpg
18033,Handbags,data/subset\Handbags\18033.jpg
20387,Handbags,data/subset\Handbags\20387.jpg
2661,Handbags,data/subset\Handbags\2661.jpg
20963,Handbags,data/subset\Handbags\20963.jpg
22003,Handbags,data/subset\Handbags\22003.jpg
43292,Handbags,data/subset\Handbags\43292.jpg
49546,Handbags,data/subset\Handbags\49546.jpg
47689,Handbags,data/subset\Handbags\47689.jpg
21524,Handbags,data/subset\Handbags\21524.jpg
36038,Handbags,data/subset\Handbags\36038.jpg
42858,Handbags,data/subset\Handbags\42858.jpg
10216,Handbags,data/subset\Handbags\10216.jpg
58267,Handbags,data/subset\Handbags\58267.jpg
26426,Handbags,data/subset\Handbags\26426.jpg
57241,Handbags,data/subset\Handbags\57241.jpg
17129,Handbags,data/subset\Handbags\17129.jpg
34871,Handbags,data/subset\Handbags\34871.jpg
27038,Handbags,data/subset\Handbags\27038.jpg
47410,Handbags,data/subset\Handbags\47410.jpg
54409,Handbags,data/subset\Handbags\54409.jpg
3387,Handbags,data/subset\Handbags\3387.jpg
27678,Handbags,data/subset\Handbags\27678.jpg
36995,Handbags,data/subset\Handbags\36995.jpg
54834,Handbags,data/subset\Handbags\54834.jpg
52660,Handbags,data/subset\Handbags\52660.jpg
21484,Handbags,data/subset\Handbags\21484.jpg
8520,Handbags,data/subset\Handbags\8520.jpg
33393,Handbags,data/subset\Handbags\33393.jpg
27672,Handbags,data/subset\Handbags\27672.jpg
3385,Handbags,data/subset\Handbags\3385.jpg
14798,Handbags,data/subset\Handbags\14798.jpg
57236,Handbags,data/subset\Handbags\57236.jpg
9003,Handbags,data/subset\Handbags\9003.jpg
49518,Handbags,data/subset\Handbags\49518.jpg
25720,Handbags,data/subset\Handbags\25720.jpg
57261,Handbags,data/subset\Handbags\57261.jpg
47351,Handbags,data/subset\Handbags\47351.jpg
58277,Handbags,data/subset\Handbags\58277.jpg
47886,Handbags,data/subset\Handbags\47886.jpg
53651,Handbags,data/subset\Handbags\53651.jpg
47391,Handbags,data/subset\Handbags\47391.jpg
17131,Handbags,data/subset\Handbags\17131.jpg
54017,Handbags,data/subset\Handbags\54017.jpg
47341,Handbags,data/subset\Handbags\47341.jpg
37856,Handbags,data/subset\Handbags\37856.jpg
3404,Handbags,data/subset\Handbags\3404.jpg
33432,Handbags,data/subset\Handbags\33432.jpg
54829,Handbags,data/subset\Handbags\54829.jpg
34885,Handbags,data/subset\Handbags\34885.jpg
25242,Handbags,data/subset\Handbags\25242.jpg
27061,Handbags,data/subset\Handbags\27061.jpg
37435,Handbags,data/subset\Handbags\37435.jpg
53943,Handbags,data/subset\Handbags\53943.jpg
42854,Handbags,data/subset\Handbags\42854.jpg
53997,Handbags,data/subset\Handbags\53997.jpg
22001,Handbags,data/subset\Handbags\22001.jpg
34731,Handbags,data/subset\Handbags\34731.jpg
3384,Handbags,data/subset\Handbags\3384.jpg
30183,Handbags,data/subset\Handbags\30183.jpg
38446,Handbags,data/subset\Handbags\38446.jpg
20393,Handbags,data/subset\Handbags\20393.jpg
47292,Handbags,data/subset\Handbags\47292.jpg
20399,Handbags,data/subset\Handbags\20399.jpg
27737,Handbags,data/subset\Handbags\27737.jpg
20398,Handbags,data/subset\Handbags\20398.jpg
54812,Handbags,data/subset\Handbags\54812.jpg
35910,Handbags,data/subset\Handbags\35910.jpg
2672,Handbags,data/subset\Handbags\2672.jpg
21521,Handbags,data/subset\Handbags\21521.jpg
14896,Handbags,data/subset\Handbags\14896.jpg
2673,Handbags,data/subset\Handbags\2673.jpg
47398,Handbags,data/subset\Handbags\47398.jpg
38755,Handbags,data/subset\Handbags\38755.jpg
54388,Handbags,data/subset\Handbags\54388.jpg
20459,Handbags,data/subset\Handbags\20459.jpg
46980,Handbags,data/subset\Handbags\46980.jpg
37079,Handbags,data/subset\Handbags\37079.jpg
36536,Handbags,data/subset\Handbags\36536.jpg
25272,Handbags,data/subset\Handbags\25272.jpg
47418,Handbags,data/subset\Handbags\47418.jpg
15439,Handbags,data/subset\Handbags\15439.jpg
47338,Handbags,data/subset\Handbags\47338.jpg
22011,Handbags,data/subset\Handbags\22011.jpg
18793,Handbags,data/subset\Handbags\18793.jpg
25296,Handbags,data/subset\Handbags\25296.jpg
52766,Handbags,data/subset\Handbags\52766.jpg
58271,Handbags,data/subset\Handbags\58271.jpg
53897,Handbags,data/subset\Handbags\53897.jpg
29729,Handbags,data/subset\Handbags\29729.jpg
48175,Handbags,data/subset\Handbags\48175.jpg
53679,Handbags,data/subset\Handbags\53679.jpg
5851,Handbags,data/subset\Handbags\5851.jpg
29741,Handbags,data/subset\Handbags\29741.jpg
27668,Handbags,data/subset\Handbags\27668.jpg
42859,Handbags,data/subset\Handbags\42859.jpg
46987,Handbags,data/subset\Handbags\46987.jpg
29988,Watches,data/subset\Watches\29988.jpg
56674,Watches,data/subset\Watches\56674.jpg
45263,Watches,data/subset\Watches\45263.jpg
10698,Watches,data/subset\Watches\10698.jpg
40515,Watches,data/subset\Watches\40515.jpg
4715,Watches,data/subset\Watches\4715.jpg
48035,Watches,data/subset\Watches\48035.jpg
29456,Watches,data/subset\Watches\29456.jpg
33929,Watches,data/subset\Watches\33929.jpg
36769,Watches,data/subset\Watches\36769.jpg
29937,Watches,data/subset\Watches\29937.jpg
4704,Watches,data/subset\Watches\4704.jpg
46573,Watches,data/subset\Watches\46573.jpg
19278,Watches,data/subset\Watches\19278.jpg
32336,Watches,data/subset\Watches\32336.jpg
23269,Watches,data/subset\Watches\23269.jpg
43181,Watches,data/subset\Watches\43181.jpg
51644,Watches,data/subset\Watches\51644.jpg
28439,Watches,data/subset\Watches\28439.jpg
11484,Watches,data/subset\Watches\11484.jpg
30002,Watches,data/subset\Watches\30002.jpg
23289,Watches,data/subset\Watches\23289.jpg
53601,Watches,data/subset\Watches\53601.jpg
37322,Watches,data/subset\Watches\37322.jpg
45926,Watches,data/subset\Watches\45926.jpg
10701,Watches,data/subset\Watches\10701.jpg
29446,Watches,data/subset\Watches\29446.jpg
50406,Watches,data/subset\Watches\50406.jpg
51635,Watches,data/subset\Watches\51635.jpg
45199,Watches,data/subset\Watches\45199.jpg
25659,Watches,data/subset\Watches\25659.jpg
45146,Watches,data/subset\Watches\45146.jpg
32355,Watches,data/subset\Watches\32355.jpg
29756,Watches,data/subset\Watches\29756.jpg
53586,Watches,data/subset\Watches\53586.jpg
10702,Watches,data/subset\Watches\10702.jpg
51638,Watches,data/subset\Watches\51638.jpg
51623,Watches,data/subset\Watches\51623.jpg
32368,Watches,data/subset\Watches\32368.jpg
37489,Watches,data/subset\Watches\37489.jpg
24487,Watches,data/subset\Watches\24487.jpg
29907,Watches,data/subset\Watches\29907.jpg
49901,Watches,data/subset\Watches\49901.jpg
54660,Watches,data/subset\Watches\54660.jpg
25641,Watches,data/subset\Watches\25641.jpg
32374,Watches,data/subset\Watches\32374.jpg
29497,Watches,data/subset\Watches\29497.jpg
51641,Watches,data/subset\Watches\51641.jpg
44990,Watches,data/subset\Watches\44990.jpg
37298,Watches,data/subset\Watches\37298.jpg
46420,Watches,data/subset\Watches\46420.jpg
5068,Watches,data/subset\Watches\5068.jpg
37509,Watches,data/subset\Watches\37509.jpg
59236,Watches,data/subset\Watches\59236.jpg
59262,Watches,data/subset\Watches\59262.jpg
32299,Watches,data/subset\Watches\32299.jpg
54665,Watches,data/subset\Watches\54665.jpg
21679,Watches,data/subset\Watches\21679.jpg
37330,Watches,data/subset\Watches\37330.jpg
49885,Watches,data/subset\Watches\49885.jpg
30018,Watches,data/subset\Watches\30018.jpg
16771,Watches,data/subset\Watches\16771.jpg
11001,Watches,data/subset\Watches\11001.jpg
49516,Watches,data/subset\Watches\49516.jpg
45250,Watches,data/subset\Watches\45250.jpg
45028,Watches,data/subset\Watches\45028.jpg
45041,Watches,data/subset\Watches\45041.jpg
45151,Watches,data/subset\Watches\45151.jpg
23260,Watches,data/subset\Watches\23260.jpg
44979,Watches,data/subset\Watches\44979.jpg
40559,Watches,data/subset\Watches\40559.jpg
29979,Watches,data/subset\Watches\29979.jpg
43189,Watches,data/subset\Watches\43189.jpg
29920,Watches,data/subset\Watches\29920.jpg
29945,Watches,data/subset\Watches\29945.jpg
11179,Watches,data/subset\Watches\11179.jpg
51660,Watches,data/subset\Watches\51660.jpg
46425,Watches,data/subset\Watches\46425.jpg
37472,Watches,data/subset\Watches\37472.jpg
45189,Watches,data/subset\Watches\45189.jpg
40517,Watches,data/subset\Watches\40517.jpg
26343,Watches,data/subset\Watches\26343.jpg
45027,Watches,data/subset\Watches\45027.jpg
54627,Watches,data/subset\Watches\54627.jpg
10194,Watches,data/subset\Watches\10194.jpg
45264,Watches,data/subset\Watches\45264.jpg
16781,Watches,data/subset\Watches\16781.jpg
17426,Watches,data/subset\Watches\17426.jpg
43186,Watches,data/subset\Watches\43186.jpg
56678,Watches,data/subset\Watches\56678.jpg
51566,Watches,data/subset\Watches\51566.jpg
25338,Watches,data/subset\Watches\25338.jpg
52670,Watches,data/subset\Watches\52670.jpg
53609,Watches,data/subset\Watches\53609.jpg
31844,Watches,data/subset\Watches\31844.jpg
36901,Watches,data/subset\Watches\36901.jpg
36798,Watches,data/subset\Watches\36798.jpg
51627,Watches,data/subset\Watches\51627.jpg
45273,Watches,data/subset\Watches\45273.jpg
54677,Watches,data/subset\Watches\54677.jpg
21481,Watches,data/subset\Watches\21481.jpg
40560,Watches,data/subset\Watches\40560.jpg
45155,Watches,data/subset\Watches\45155.jpg
29507,Watches,data/subset\Watches\29507.jpg
53585,Watches,data/subset\Watches\53585.jpg
45011,Watches,data/subset\Watches\45011.jpg
37307,Watches,data/subset\Watches\37307.jpg
48021,Watches,data/subset\Watches\48021.jpg
17455,Watches,data/subset\Watches\17455.jpg
43194,Watches,data/subset\Watches\43194.jpg
39028,Watches,data/subset\Watches\39028.jpg
31849,Watches,data/subset\Watches\31849.jpg
10141,Watches,data/subset\Watches\10141.jpg
51532,Watches,data/subset\Watches\51532.jpg
25325,Watches,data/subset\Watches\25325.jpg
46308,Watches,data/subset\Watches\46308.jpg
45174,Watches,data/subset\Watches\45174.jpg
51537,Watches,data/subset\Watches\51537.jpg
31821,Watches,data/subset\Watches\31821.jpg
29977,Watches,data/subset\Watches\29977.jpg
11211,Watches,data/subset\Watches\11211.jpg
49879,Watches,data/subset\Watches\49879.jpg
13062,Watches,data/subset\Watches\13062.jpg
40547,Watches,data/subset\Watches\40547.jpg
25645,Watches,data/subset\Watches\25645.jpg
10317,Watches,data/subset\Watches\10317.jpg
25612,Watches,data/subset\Watches\25612.jpg
41035,Watches,data/subset\Watches\41035.jpg
25661,Watches,data/subset\Watches\25661.jpg
29509,Watches,data/subset\Watches\29509.jpg
31813,Watches,data/subset\Watches\31813.jpg
10393,Watches,data/subset\Watches\10393.jpg
10109,Watches,data/subset\Watches\10109.jpg
46458,Watches,data/subset\Watches\46458.jpg
51563,Watches,data/subset\Watches\51563.jpg
48028,Watches,data/subset\Watches\48028.jpg
49874,Watches,data/subset\Watches\49874.jpg
25651,Watches,data/subset\Watches\25651.jpg
45000,Watches,data/subset\Watches\45000.jpg
29919,Watches,data/subset\Watches\29919.jpg
11136,Watches,data/subset\Watches\11136.jpg
32373,Watches,data/subset\Watches\32373.jpg
28580,Watches,data/subset\Watches\28580.jpg
30096,Watches,data/subset\Watches\30096.jpg
45145,Watches,data/subset\Watches\45145.jpg
29519,Watches,data/subset\Watches\29519.jpg
25622,Watches,data/subset\Watches\25622.jpg
59256,Watches,data/subset\Watches\59256.jpg
37315,Watches,data/subset\Watches\37315.jpg
45195,Watches,data/subset\Watches\45195.jpg
56681,Watches,data/subset\Watches\56681.jpg
29411,Watches,data/subset\Watches\29411.jpg
37480,Watches,data/subset\Watches\37480.jpg
51562,Watches,data/subset\Watches\51562.jpg
19260,Watches,data/subset\Watches\19260.jpg
46739,Watches,data/subset\Watches\46739.jpg
51570,Watches,data/subset\Watches\51570.jpg
49322,Watches,data/subset\Watches\49322.jpg
52675,Watches,data/subset\Watches\52675.jpg
22942,Watches,data/subset\Watches\22942.jpg
23521,Watches,data/subset\Watches\23521.jpg
31851,Watches,data/subset\Watches\31851.jpg
46500,Watches,data/subset\Watches\46500.jpg
40502,Watches,data/subset\Watches\40502.jpg
46546,Watches,data/subset\Watches\46546.jpg
45913,Watches,data/subset\Watches\45913.jpg
51657,Watches,data/subset\Watches\51657.jpg
46562,Watches,data/subset\Watches\46562.jpg
13060,Watches,data/subset\Watches\13060.jpg
40549,Watches,data/subset\Watches\40549.jpg
59222,Watches,data/subset\Watches\59222.jpg
25609,Watches,data/subset\Watches\25609.jpg
33900,Watches,data/subset\Watches\33900.jpg
54641,Watches,data/subset\Watches\54641.jpg
49844,Watches,data/subset\Watches\49844.jpg
30000,Watches,data/subset\Watches\30000.jpg
17460,Watches,data/subset\Watches\17460.jpg
23280,Watches,data/subset\Watches\23280.jpg
49327,Watches,data/subset\Watches\49327.jpg
45872,Watches,data/subset\Watches\45872.jpg
51654,Watches,data/subset\Watches\51654.jpg
11135,Watches,data/subset\Watches\11135.jpg
54647,Watches,data/subset\Watches\54647.jpg
45192,Watches,data/subset\Watches\45192.jpg
31826,Watches,data/subset\Watches\31826.jpg
23287,Watches,data/subset\Watches\23287.jpg
52816,Watches,data/subset\Watches\52816.jpg
38008,Watches,data/subset\Watches\38008.jpg
45113,Watches,data/subset\Watches\45113.jpg
29918,Watches,data/subset\Watches\29918.jpg
56682,Watches,data/subset\Watches\56682.jpg
25333,Watches,data/subset\Watches\25333.jpg
54670,Watches,data/subset\Watches\54670.jpg
40553,Watches,data/subset\Watches\40553.jpg
54659,Watches,data/subset\Watches\54659.jpg
30059,Watches,data/subset\Watches\30059.jpg
45035,Watches,data/subset\Watches\45035.jpg
8134,Watches,data/subset\Watches\8134.jpg
40522,Watches,data/subset\Watches\40522.jpg
37503,Watches,data/subset\Watches\37503.jpg
32318,Watches,data/subset\Watches\32318.jpg
45003,Watches,data/subset\Watches\45003.jpg
33876,Watches,data/subset\Watches\33876.jpg
38030,Watches,data/subset\Watches\38030.jpg
46530,Watches,data/subset\Watches\46530.jpg
11196,Watches,data/subset\Watches\11196.jpg
36776,Watches,data/subset\Watches\36776.jpg
37319,Watches,data/subset\Watches\37319.jpg
19281,Watches,data/subset\Watches\19281.jpg
54662,Watches,data/subset\Watches\54662.jpg
51625,Watches,data/subset\Watches\51625.jpg
29939,Watches,data/subset\Watches\29939.jpg
36900,Watches,data/subset\Watches\36900.jpg
43179,Watches,data/subset\Watches\43179.jpg
59227,Watches,data/subset\Watches\59227.jpg
28430,Watches,data/subset\Watches\28430.jpg
10705,Watches,data/subset\Watches\10705.jpg
54679,Watches,data/subset\Watches\54679.jpg
43161,Watches,data/subset\Watches\43161.jpg
59238,Watches,data/subset\Watches\59238.jpg
45296,Watches,data/subset\Watches\45296.jpg
29754,Watches,data/subset\Watches\29754.jpg
48009,Watches,data/subset\Watches\48009.jpg
45206,Watches,data/subset\Watches\45206.jpg
51510,Watches,data/subset\Watches\51510.jpg
22943,Watches,data/subset\Watches\22943.jpg
40552,Watches,data/subset\Watches\40552.jpg
51556,Watches,data/subset\Watches\51556.jpg
29432,Watches,data/subset\Watches\29432.jpg
49907,Watches,data/subset\Watches\49907.jpg
45925,Watches,data/subset\Watches\45925.jpg
51517,Watches,data/subset\Watches\51517.jpg
45127,Watches,data/subset\Watches\45127.jpg
19261,Watches,data/subset\Watches\19261.jpg
56324,Watches,data/subset\Watches\56324.jpg
10585,Watches,data/subset\Watches\10585.jpg
30043,Watches,data/subset\Watches\30043.jpg
10105,Watches,data/subset\Watches\10105.jpg
56676,Watches,data/subset\Watches\56676.jpg
29447,Watches,data/subset\Watches\29447.jpg
16778,Watches,data/subset\Watches\16778.jpg
37291,Watches,data/subset\Watches\37291.jpg
19762,Watches,data/subset\Watches\19762.jpg
10609,Watches,data/subset\Watches\10609.jpg
45885,Watches,data/subset\Watches\45885.jpg
43204,Watches,data/subset\Watches\43204.jpg
37295,Watches,data/subset\Watches\37295.jpg
45259,Watches,data/subset\Watches\45259.jpg
11485,Watches,data/subset\Watches\11485.jpg
30013,Watches,data/subset\Watches\30013.jpg
28296,Sunglasses,data/subset\Sunglasses\28296.jpg
16879,Sunglasses,data/subset\Sunglasses\16879.jpg
16084,Sunglasses,data/subset\Sunglasses\16084.jpg
28370,Sunglasses,data/subset\Sunglasses\28370.jpg
38163,Sunglasses,data/subset\Sunglasses\38163.jpg
40178,Sunglasses,data/subset\Sunglasses\40178.jpg
51667,Sunglasses,data/subset\Sunglasses\51667.jpg
16105,Sunglasses,data/subset\Sunglasses\16105.jpg
8683,Sunglasses,data/subset\Sunglasses\8683.jpg
51666,Sunglasses,data/subset\Sunglasses\51666.jpg
16936,Sunglasses,data/subset\Sunglasses\16936.jpg
30270,Sunglasses,data/subset\Sunglasses\30270.jpg
28157,Sunglasses,data/subset\Sunglasses\28157.jpg
39995,Sunglasses,data/subset\Sunglasses\39995.jpg
14908,Sunglasses,data/subset\Sunglasses\14908.jpg
28297,Sunglasses,data/subset\Sunglasses\28297.jpg
21279,Sunglasses,data/subset\Sunglasses\21279.jpg
16090,Sunglasses,data/subset\Sunglasses\16090.jpg
40173,Sunglasses,data/subset\Sunglasses\40173.jpg
8671,Sunglasses,data/subset\Sunglasses\8671.jpg
17332,Sunglasses,data/subset\Sunglasses\17332.jpg
8704,Sunglasses,data/subset\Sunglasses\8704.jpg
16894,Sunglasses,data/subset\Sunglasses\16894.jpg
16846,Sunglasses,data/subset\Sunglasses\16846.jpg
28395,Sunglasses,data/subset\Sunglasses\28395.jpg
16859,Sunglasses,data/subset\Sunglasses\16859.jpg
38235,Sunglasses,data/subset\Sunglasses\38235.jpg
16888,Sunglasses,data/subset\Sunglasses\16888.jpg
21304,Sunglasses,data/subset\Sunglasses\21304.jpg
49674,Sunglasses,data/subset\Sunglasses\49674.jpg
17314,Sunglasses,data/subset\Sunglasses\17314.jpg
21314,Sunglasses,data/subset\Sunglasses\21314.jpg
16107,Sunglasses,data/subset\Sunglasses\16107.jpg
16856,Sunglasses,data/subset\Sunglasses\16856.jpg
8665,Sunglasses,data/subset\Sunglasses\8665.jpg
29963,Sunglasses,data/subset\Sunglasses\29963.jpg
16948,Sunglasses,data/subset\Sunglasses\16948.jpg
30663,Sunglasses,data/subset\Sunglasses\30663.jpg
28175,Sunglasses,data/subset\Sunglasses\28175.jpg
16960,Sunglasses,data/subset\Sunglasses\16960.jpg
8713,Sunglasses,data/subset\Sunglasses\8713.jpg
28161,Sunglasses,data/subset\Sunglasses\28161.jpg
48208,Sunglasses,data/subset\Sunglasses\48208.jpg
23731,Sunglasses,data/subset\Sunglasses\23731.jpg
28193,Sunglasses,data/subset\Sunglasses\28193.jpg
51707,Sunglasses,data/subset\Sunglasses\51707.jpg
28363,Sunglasses,data/subset\Sunglasses\28363.jpg
16891,Sunglasses,data/subset\Sunglasses\16891.jpg
17327,Sunglasses,data/subset\Sunglasses\17327.jpg
17319,Sunglasses,data/subset\Sunglasses\17319.jpg
48198,Sunglasses,data/subset\Sunglasses\48198.jpg
29126,Sunglasses,data/subset\Sunglasses\29126.jpg
51671,Sunglasses,data/subset\Sunglasses\51671.jpg
28426,Sunglasses,data/subset\Sunglasses\28426.jpg
8690,Sunglasses,data/subset\Sunglasses\8690.jpg
16853,Sunglasses,data/subset\Sunglasses\16853.jpg
29862,Sunglasses,data/subset\Sunglasses\29862.jpg
28167,Sunglasses,data/subset\Sunglasses\28167.jpg
23718,Sunglasses,data/subset\Sunglasses\23718.jpg
38164,Sunglasses,data/subset\Sunglasses\38164.jpg
17213,Sunglasses,data/subset\Sunglasses\17213.jpg
28172,Sunglasses,data/subset\Sunglasses\28172.jpg
17224,Sunglasses,data/subset\Sunglasses\17224.jpg
48202,Sunglasses,data/subset\Sunglasses\48202.jpg
51708,Sunglasses,data/subset\Sunglasses\51708.jpg
51686,Sunglasses,data/subset\Sunglasses\51686.jpg
8675,Sunglasses,data/subset\Sunglasses\8675.jpg
29869,Sunglasses,data/subset\Sunglasses\29869.jpg
30566,Sunglasses,data/subset\Sunglasses\30566.jpg
40176,Sunglasses,data/subset\Sunglasses\40176.jpg
49670,Sunglasses,data/subset\Sunglasses\49670.jpg
51722,Sunglasses,data/subset\Sunglasses\51722.jpg
21282,Sunglasses,data/subset\Sunglasses\21282.jpg
29957,Sunglasses,data/subset\Sunglasses\29957.jpg
48235,Sunglasses,data/subset\Sunglasses\48235.jpg
28209,Sunglasses,data/subset\Sunglasses\28209.jpg
16898,Sunglasses,data/subset\Sunglasses\16898.jpg
23746,Sunglasses,data/subset\Sunglasses\23746.jpg
8696,Sunglasses,data/subset\Sunglasses\8696.jpg
14907,Sunglasses,data/subset\Sunglasses\14907.jpg
28190,Sunglasses,data/subset\Sunglasses\28190.jpg
30266,Sunglasses,data/subset\Sunglasses\30266.jpg
41518,Sunglasses,data/subset\Sunglasses\41518.jpg
51695,Sunglasses,data/subset\Sunglasses\51695.jpg
51724,Sunglasses,data/subset\Sunglasses\51724.jpg
30678,Sunglasses,data/subset\Sunglasses\30678.jpg
28310,Sunglasses,data/subset\Sunglasses\28310.jpg
28154,Sunglasses,data/subset\Sunglasses\28154.jpg
21342,Sunglasses,data/subset\Sunglasses\21342.jpg
51680,Sunglasses,data/subset\Sunglasses\51680.jpg
23725,Sunglasses,data/subset\Sunglasses\23725.jpg
16951,Sunglasses,data/subset\Sunglasses\16951.jpg
49676,Sunglasses,data/subset\Sunglasses\49676.jpg
38195,Sunglasses,data/subset\Sunglasses\38195.jpg
23736,Sunglasses,data/subset\Sunglasses\23736.jpg
21284,Sunglasses,data/subset\Sunglasses\21284.jpg
38204,Sunglasses,data/subset\Sunglasses\38204.jpg
38240,Sunglasses,data/subset\Sunglasses\38240.jpg
29871,Sunglasses,data/subset\Sunglasses\29871.jpg
41519,Sunglasses,data/subset\Sunglasses\41519.jpg
28411,Sunglasses,data/subset\Sunglasses\28411.jpg
38181,Sunglasses,data/subset\Sunglasses\38181.jpg
8664,Sunglasses,data/subset\Sunglasses\8664.jpg
17219,Sunglasses,data/subset\Sunglasses\17219.jpg
28208,Sunglasses,data/subset\Sunglasses\28208.jpg
48218,Sunglasses,data/subset\Sunglasses\48218.jpg
17309,Sunglasses,data/subset\Sunglasses\17309.jpg
23785,Sunglasses,data/subset\Sunglasses\23785.jpg
51730,Sunglasses,data/subset\Sunglasses\51730.jpg
23740,Sunglasses,data/subset\Sunglasses\23740.jpg
21320,Sunglasses,data/subset\Sunglasses\21320.jpg
50209,Sunglasses,data/subset\Sunglasses\50209.jpg
8701,Sunglasses,data/subset\Sunglasses\8701.jpg
16896,Sunglasses,data/subset\Sunglasses\16896.jpg
30567,Sunglasses,data/subset\Sunglasses\30567.jpg
28413,Sunglasses,data/subset\Sunglasses\28413.jpg
38210,Sunglasses,data/subset\Sunglasses\38210.jpg
8643,Sunglasses,data/subset\Sunglasses\8643.jpg
51728,Sunglasses,data/subset\Sunglasses\51728.jpg
21312,Sunglasses,data/subset\Sunglasses\21312.jpg
23745,Sunglasses,data/subset\Sunglasses\23745.jpg
8614,Sunglasses,data/subset\Sunglasses\8614.jpg
49679,Sunglasses,data/subset\Sunglasses\49679.jpg
48196,Sunglasses,data/subset\Sunglasses\48196.jpg
28282,Sunglasses,data/subset\Sunglasses\28282.jpg
49663,Sunglasses,data/subset\Sunglasses\49663.jpg
28393,Sunglasses,data/subset\Sunglasses\28393.jpg
29132,Sunglasses,data/subset\Sunglasses\29132.jpg
49661,Sunglasses,data/subset\Sunglasses\49661.jpg
8674,Sunglasses,data/subset\Sunglasses\8674.jpg
8689,Sunglasses,data/subset\Sunglasses\8689.jpg
21308,Sunglasses,data/subset\Sunglasses\21308.jpg
49673,Sunglasses,data/subset\Sunglasses\49673.jpg
17323,Sunglasses,data/subset\Sunglasses\17323.jpg
21353,Sunglasses,data/subset\Sunglasses\21353.jpg
21281,Sunglasses,data/subset\Sunglasses\21281.jpg
38194,Sunglasses,data/subset\Sunglasses\38194.jpg
38222,Sunglasses,data/subset\Sunglasses\38222.jpg
29134,Sunglasses,data/subset\Sunglasses\29134.jpg
28279,Sunglasses,data/subset\Sunglasses\28279.jpg
16884,Sunglasses,data/subset\Sunglasses\16884.jpg
21306,Sunglasses,data/subset\Sunglasses\21306.jpg
29885,Sunglasses,data/subset\Sunglasses\29885.jpg
48200,Sunglasses,data/subset\Sunglasses\48200.jpg
16101,Sunglasses,data/subset\Sunglasses\16101.jpg
48223,Sunglasses,data/subset\Sunglasses\48223.jpg
58547,Sunglasses,data/subset\Sunglasses\58547.jpg
38159,Sunglasses,data/subset\Sunglasses\38159.jpg
48216,Sunglasses,data/subset\Sunglasses\48216.jpg
16083,Sunglasses,data/subset\Sunglasses\16083.jpg
8616,Sunglasses,data/subset\Sunglasses\8616.jpg
23761,Sunglasses,data/subset\Sunglasses\23761.jpg
38228,Sunglasses,data/subset\Sunglasses\38228.jpg
38236,Sunglasses,data/subset\Sunglasses\38236.jpg
30665,Sunglasses,data/subset\Sunglasses\30665.jpg
23756,Sunglasses,data/subset\Sunglasses\23756.jpg
8667,Sunglasses,data/subset\Sunglasses\8667.jpg
16942,Sunglasses,data/subset\Sunglasses\16942.jpg
30681,Sunglasses,data/subset\Sunglasses\30681.jpg
17334,Sunglasses,data/subset\Sunglasses\17334.jpg
49167,Sunglasses,data/subset\Sunglasses\49167.jpg
28417,Sunglasses,data/subset\Sunglasses\28417.jpg
28337,Sunglasses,data/subset\Sunglasses\28337.jpg
29135,Sunglasses,data/subset\Sunglasses\29135.jpg
28158,Sunglasses,data/subset\Sunglasses\28158.jpg
8707,Sunglasses,data/subset\Sunglasses\8707.jpg
16946,Sunglasses,data/subset\Sunglasses\16946.jpg
28402,Sunglasses,data/subset\Sunglasses\28402.jpg
23696,Sunglasses,data/subset\Sunglasses\23696.jpg
16890,Sunglasses,data/subset\Sunglasses\16890.jpg
51663,Sunglasses,data/subset\Sunglasses\51663.jpg
8672,Sunglasses,data/subset\Sunglasses\8672.jpg
8680,Sunglasses,data/subset\Sunglasses\8680.jpg
23734,Sunglasses,data/subset\Sunglasses\23734.jpg
38313,Sunglasses,data/subset\Sunglasses\38313.jpg
28396,Sunglasses,data/subset\Sunglasses\28396.jpg
38185,Sunglasses,data/subset\Sunglasses\38185.jpg
51294,Sunglasses,data/subset\Sunglasses\51294.jpg
29877,Sunglasses,data/subset\Sunglasses\29877.jpg
17324,Sunglasses,data/subset\Sunglasses\17324.jpg
39996,Sunglasses,data/subset\Sunglasses\39996.jpg
28406,Sunglasses,data/subset\Sunglasses\28406.jpg
8687,Sunglasses,data/subset\Sunglasses\8687.jpg
58531,Sunglasses,data/subset\Sunglasses\58531.jpg
29128,Sunglasses,data/subset\Sunglasses\29128.jpg
49666,Sunglasses,data/subset\Sunglasses\49666.jpg
51685,Sunglasses,data/subset\Sunglasses\51685.jpg
41517,Sunglasses,data/subset\Sunglasses\41517.jpg
51700,Sunglasses,data/subset\Sunglasses\51700.jpg
50201,Sunglasses,data/subset\Sunglasses\50201.jpg
39994,Sunglasses,data/subset\Sunglasses\39994.jpg
51706,Sunglasses,data/subset\Sunglasses\51706.jpg
49675,Sunglasses,data/subset\Sunglasses\49675.jpg
38212,Sunglasses,data/subset\Sunglasses\38212.jpg
28421,Sunglasses,data/subset\Sunglasses\28421.jpg
30581,Sunglasses,data/subset\Sunglasses\30581.jpg
28308,Sunglasses,data/subset\Sunglasses\28308.jpg
51704,Sunglasses,data/subset\Sunglasses\51704.jpg
8681,Sunglasses,data/subset\Sunglasses\8681.jpg
17605,Sunglasses,data/subset\Sunglasses\17605.jpg
40181,Sunglasses,data/subset\Sunglasses\40181.jpg
28289,Sunglasses,data/subset\Sunglasses\28289.jpg
51702,Sunglasses,data/subset\Sunglasses\51702.jpg
17601,Sunglasses,data/subset\Sunglasses\17601.jpg
23759,Sunglasses,data/subset\Sunglasses\23759.jpg
8641,Sunglasses,data/subset\Sunglasses\8641.jpg
28165,Sunglasses,data/subset\Sunglasses\28165.jpg
48213,Sunglasses,data/subset\Sunglasses\48213.jpg
51710,Sunglasses,data/subset\Sunglasses\51710.jpg
17312,Sunglasses,data/subset\Sunglasses\17312.jpg
29879,Sunglasses,data/subset\Sunglasses\29879.jpg
17597,Sunglasses,data/subset\Sunglasses\17597.jpg
30570,Sunglasses,data/subset\Sunglasses\30570.jpg
51662,Sunglasses,data/subset\Sunglasses\51662.jpg
38165,Sunglasses,data/subset\Sunglasses\38165.jpg
58527,Sunglasses,data/subset\Sunglasses\58527.jpg
38208,Sunglasses,data/subset\Sunglasses\38208.jpg
49671,Sunglasses,data/subset\Sunglasses\49671.jpg
17322,Sunglasses,data/subset\Sunglasses\17322.jpg
30667,Sunglasses,data/subset\Sunglasses\30667.jpg
30559,Sunglasses,data/subset\Sunglasses\30559.jpg
21273,Sunglasses,data/subset\Sunglasses\21273.jpg
16081,Sunglasses,data/subset\Sunglasses\16081.jpg
28163,Sunglasses,data/subset\Sunglasses\28163.jpg
29882,Sunglasses,data/subset\Sunglasses\29882.jpg
38175,Sunglasses,data/subset\Sunglasses\38175.jpg
23762,Sunglasses,data/subset\Sunglasses\23762.jpg
51716,Sunglasses,data/subset\Sunglasses\51716.jpg
30565,Sunglasses,data/subset\Sunglasses\30565.jpg
48195,Sunglasses,data/subset\Sunglasses\48195.jpg
8636,Sunglasses,data/subset\Sunglasses\8636.jpg
21346,Sunglasses,data/subset\Sunglasses\21346.jpg
16091,Sunglasses,data/subset\Sunglasses\16091.jpg
28394,Sunglasses,data/subset\Sunglasses\28394.jpg
23714,Sunglasses,data/subset\Sunglasses\23714.jpg
28182,Sunglasses,data/subset\Sunglasses\28182.jpg
48206,Sunglasses,data/subset\Sunglasses\48206.jpg
16862,Sunglasses,data/subset\Sunglasses\16862.jpg
28204,Sunglasses,data/subset\Sunglasses\28204.jpg
16955,Sunglasses,data/subset\Sunglasses\16955.jpg
23790,Sunglasses,data/subset\Sunglasses\23790.jpg
23739,Sunglasses,data/subset\Sunglasses\23739.jpg
38216,Sunglasses,data/subset\Sunglasses\38216.jpg
16875,Sunglasses,data/subset\Sunglasses\16875.jpg
28285,Sunglasses,data/subset\Sunglasses\28285.jpg
49662,Sunglasses,data/subset\Sunglasses\49662.jpg
29140,Sunglasses,data/subset\Sunglasses\29140.jpg
8661,Sunglasses,data/subset\Sunglasses\8661.jpg
29125,Sunglasses,data/subset\Sunglasses\29125.jpg
8768,Sunglasses,data/subset\Sunglasses\8768.jpg
